{
  "accuracy": 0.7300386619599932,
  "f1_score": 0.05533778027596843,
  "precision": 0.04483290762026394,
  "recall": 0.08466365023742073,
  "accuracy_per_label": [
    0.632375189107413,
    0.5627836611195158,
    0.3857791225416036,
    0.9016641452344932,
    0.8789712556732224,
    0.9152798789712556,
    0.7685325264750378,
    0.7715582450832073,
    0.8260211800302572,
    0.7670196671709532,
    0.8124054462934948,
    0.6354009077155824,
    0.8154311649016641,
    0.8880484114977307,
    0.4962178517397882,
    0.3630862329803328,
    0.8260211800302572,
    0.8940998487140696
  ],
  "f1_score_per_label": [
    0.0,
    0.6889128094725512,
    0.30716723549488056,
    0.0,
    0.0,
    0.0,
    0.0,
    0.0,
    0.0,
    0.0,
    0.0,
    0.0,
    0.0,
    0.0,
    0.0,
    0.0,
    0.0,
    0.0
  ],
  "precision_per_label": [
    0.0,
    0.6130268199233716,
    0.1939655172413793,
    0.0,
    0.0,
    0.0,
    0.0,
    0.0,
    0.0,
    0.0,
    0.0,
    0.0,
    0.0,
    0.0,
    0.0,
    0.0,
    0.0,
    0.0
  ],
  "recall_per_label": [
    0.0,
    0.7862407862407862,
    0.7377049180327869,
    0.0,
    0.0,
    0.0,
    0.0,
    0.0,
    0.0,
    0.0,
    0.0,
    0.0,
    0.0,
    0.0,
    0.0,
    0.0,
    0.0,
    0.0
  ]
}