{
  "eval_loss": 0.5009044408798218,
  "eval_accuracy": 0.7723146747352496,
  "eval_f1_score": 0.08550095360981248,
  "eval_precision": 0.06965042556385767,
  "eval_recall": 0.1107016107016107,
  "eval_accuracy_per_label": [
    0.632375189107413,
    0.6157337367624811,
    0.8154311649016641,
    0.9016641452344932,
    0.8835098335854765,
    0.9152798789712556,
    0.7685325264750378,
    0.7715582450832073,
    0.8260211800302572,
    0.7670196671709532,
    0.8124054462934948,
    0.6354009077155824,
    0.8154311649016641,
    0.8880484114977307,
    0.4962178517397882,
    0.6369137670196672,
    0.8260211800302572,
    0.8940998487140696
  ],
  "eval_f1_score_per_label": [
    0.0,
    0.7608286252354048,
    0.0,
    0.0,
    0.0,
    0.0,
    0.0,
    0.0,
    0.0,
    0.0,
    0.0,
    0.0,
    0.0,
    0.0,
    0.0,
    0.7781885397412199,
    0.0,
    0.0
  ],
  "eval_precision_per_label": [
    0.0,
    0.616793893129771,
    0.0,
    0.0,
    0.0,
    0.0,
    0.0,
    0.0,
    0.0,
    0.0,
    0.0,
    0.0,
    0.0,
    0.0,
    0.0,
    0.6369137670196672,
    0.0,
    0.0
  ],
  "eval_recall_per_label": [
    0.0,
    0.9926289926289926,
    0.0,
    0.0,
    0.0,
    0.0,
    0.0,
    0.0,
    0.0,
    0.0,
    0.0,
    0.0,
    0.0,
    0.0,
    0.0,
    1.0,
    0.0,
    0.0
  ],
  "eval_runtime": 0.9378,
  "eval_samples_per_second": 704.843,
  "eval_steps_per_second": 22.393,
  "epoch": 3.0
}