{
  "best_global_step": 124,
  "best_metric": 0.043232696652289994,
  "best_model_checkpoint": "artifacts/models/encoder/enc_persona_token_mdeberta/checkpoint-124",
  "epoch": 2.0,
  "eval_steps": 500,
  "global_step": 124,
  "is_hyper_param_search": false,
  "is_local_process_zero": true,
  "is_world_process_zero": true,
  "log_history": [
    {
      "epoch": 0.8064516129032258,
      "grad_norm": 0.7423112392425537,
      "learning_rate": 4.101796407185629e-05,
      "loss": 0.5545,
      "step": 50
    },
    {
      "epoch": 1.0,
      "eval_accuracy": 0.7446629685661456,
      "eval_accuracy_per_label": [
        0.632375189107413,
        0.3842662632375189,
        0.8154311649016641,
        0.9016641452344932,
        0.8835098335854765,
        0.9152798789712556,
        0.7685325264750378,
        0.7715582450832073,
        0.8260211800302572,
        0.7670196671709532,
        0.8124054462934948,
        0.6354009077155824,
        0.8154311649016641,
        0.8880484114977307,
        0.4962178517397882,
        0.37065052950075644,
        0.8260211800302572,
        0.8940998487140696
      ],
      "eval_f1_score": 0.0030303030303030303,
      "eval_f1_score_per_label": [
        0.0,
        0.0,
        0.0,
        0.0,
        0.0,
        0.0,
        0.0,
        0.0,
        0.0,
        0.0,
        0.0,
        0.0,
        0.0,
        0.0,
        0.0,
        0.05454545454545454,
        0.0,
        0.0
      ],
      "eval_loss": 0.5078825950622559,
      "eval_precision": 0.03508771929824561,
      "eval_precision_per_label": [
        0.0,
        0.0,
        0.0,
        0.0,
        0.0,
        0.0,
        0.0,
        0.0,
        0.0,
        0.0,
        0.0,
        0.0,
        0.0,
        0.0,
        0.0,
        0.631578947368421,
        0.0,
        0.0
      ],
      "eval_recall": 0.0015835312747426763,
      "eval_recall_per_label": [
        0.0,
        0.0,
        0.0,
        0.0,
        0.0,
        0.0,
        0.0,
        0.0,
        0.0,
        0.0,
        0.0,
        0.0,
        0.0,
        0.0,
        0.0,
        0.028503562945368172,
        0.0,
        0.0
      ],
      "eval_runtime": 1.3893,
      "eval_samples_per_second": 475.77,
      "eval_steps_per_second": 15.115,
      "step": 62
    },
    {
      "epoch": 1.6129032258064515,
      "grad_norm": 0.6480452418327332,
      "learning_rate": 2.604790419161677e-05,
      "loss": 0.5008,
      "step": 100
    },
    {
      "epoch": 2.0,
      "eval_accuracy": 0.7594553706505295,
      "eval_accuracy_per_label": [
        0.632375189107413,
        0.3842662632375189,
        0.8154311649016641,
        0.9016641452344932,
        0.8835098335854765,
        0.9152798789712556,
        0.7685325264750378,
        0.7715582450832073,
        0.8260211800302572,
        0.7670196671709532,
        0.8124054462934948,
        0.6354009077155824,
        0.8154311649016641,
        0.8880484114977307,
        0.4962178517397882,
        0.6369137670196672,
        0.8260211800302572,
        0.8940998487140696
      ],
      "eval_f1_score": 0.043232696652289994,
      "eval_f1_score_per_label": [
        0.0,
        0.0,
        0.0,
        0.0,
        0.0,
        0.0,
        0.0,
        0.0,
        0.0,
        0.0,
        0.0,
        0.0,
        0.0,
        0.0,
        0.0,
        0.7781885397412199,
        0.0,
        0.0
      ],
      "eval_loss": 0.5007516145706177,
      "eval_precision": 0.03538409816775929,
      "eval_precision_per_label": [
        0.0,
        0.0,
        0.0,
        0.0,
        0.0,
        0.0,
        0.0,
        0.0,
        0.0,
        0.0,
        0.0,
        0.0,
        0.0,
        0.0,
        0.0,
        0.6369137670196672,
        0.0,
        0.0
      ],
      "eval_recall": 0.05555555555555555,
      "eval_recall_per_label": [
        0.0,
        0.0,
        0.0,
        0.0,
        0.0,
        0.0,
        0.0,
        0.0,
        0.0,
        0.0,
        0.0,
        0.0,
        0.0,
        0.0,
        0.0,
        1.0,
        0.0,
        0.0
      ],
      "eval_runtime": 1.3915,
      "eval_samples_per_second": 475.025,
      "eval_steps_per_second": 15.092,
      "step": 124
    }
  ],
  "logging_steps": 50,
  "max_steps": 186,
  "num_input_tokens_seen": 0,
  "num_train_epochs": 3,
  "save_steps": 500,
  "stateful_callbacks": {
    "TrainerControl": {
      "args": {
        "should_epoch_stop": false,
        "should_evaluate": false,
        "should_log": false,
        "should_save": true,
        "should_training_stop": false
      },
      "attributes": {}
    }
  },
  "total_flos": 0.0,
  "train_batch_size": 16,
  "trial_name": null,
  "trial_params": null
}
