{
  "eval_loss": 0.4997692406177521,
  "eval_accuracy": 0.7597915616069927,
  "eval_f1_score": 0.04457786748898626,
  "eval_precision": 0.08168039446405559,
  "eval_recall": 0.056238056238056236,
  "eval_accuracy_per_label": [
    0.632375189107413,
    0.3903177004538578,
    0.8154311649016641,
    0.9016641452344932,
    0.8835098335854765,
    0.9152798789712556,
    0.7685325264750378,
    0.7715582450832073,
    0.8260211800302572,
    0.7670196671709532,
    0.8124054462934948,
    0.6354009077155824,
    0.8154311649016641,
    0.8880484114977307,
    0.4962178517397882,
    0.6369137670196672,
    0.8260211800302572,
    0.8940998487140696
  ],
  "eval_f1_score_per_label": [
    0.0,
    0.024213075060532687,
    0.0,
    0.0,
    0.0,
    0.0,
    0.0,
    0.0,
    0.0,
    0.0,
    0.0,
    0.0,
    0.0,
    0.0,
    0.0,
    0.7781885397412199,
    0.0,
    0.0
  ],
  "eval_precision_per_label": [
    0.0,
    0.8333333333333334,
    0.0,
    0.0,
    0.0,
    0.0,
    0.0,
    0.0,
    0.0,
    0.0,
    0.0,
    0.0,
    0.0,
    0.0,
    0.0,
    0.6369137670196672,
    0.0,
    0.0
  ],
  "eval_recall_per_label": [
    0.0,
    0.012285012285012284,
    0.0,
    0.0,
    0.0,
    0.0,
    0.0,
    0.0,
    0.0,
    0.0,
    0.0,
    0.0,
    0.0,
    0.0,
    0.0,
    1.0,
    0.0,
    0.0
  ],
  "eval_runtime": 1.3842,
  "eval_samples_per_second": 477.529,
  "eval_steps_per_second": 15.171,
  "epoch": 3.0
}