{
  "Overall Performance": {
    "R\u00b2 Score": 0.13056680829765946,
    "MAE": 0.24255241055267523,
    "RMSE": 0.3183685292760557,
    "Spearman \u03c1": 0.3539764562813554,
    "Validation Loss": 0.11222828179597855
  },
  "Per-Label Performance": {
    "positive": {
      "R\u00b2 Score": 0.09370080812749837,
      "MAE": 0.4265259554787185,
      "RMSE": 0.4590136647264909,
      "Spearman \u03c1": 0.3292184368136547
    },
    "negative": {
      "R\u00b2 Score": 0.09304055708344383,
      "MAE": 0.4144007618765878,
      "RMSE": 0.46324051618518153,
      "Spearman \u03c1": 0.3428936200043419
    },
    "happiness": {
      "R\u00b2 Score": 0.2115626820037495,
      "MAE": 0.26822202856710203,
      "RMSE": 0.3444739812434562,
      "Spearman \u03c1": 0.4669017858460839
    },
    "delight": {
      "R\u00b2 Score": 0.003981144027563666,
      "MAE": 0.19310467659936775,
      "RMSE": 0.29717490246881684,
      "Spearman \u03c1": 0.2019600350822367
    },
    "inspiring": {
      "R\u00b2 Score": 0.031052555423078054,
      "MAE": 0.2399267449752398,
      "RMSE": 0.3157915009849859,
      "Spearman \u03c1": 0.33818235172666
    },
    "calm": {
      "R\u00b2 Score": -0.017621598127509186,
      "MAE": 0.19175757261474988,
      "RMSE": 0.2809075418111807,
      "Spearman \u03c1": 0.24981331920373503
    },
    "surprise": {
      "R\u00b2 Score": 0.14806833967692767,
      "MAE": 0.3242409553705699,
      "RMSE": 0.3892947000554071,
      "Spearman \u03c1": 0.38829188471604964
    },
    "compassion": {
      "R\u00b2 Score": 0.4424738600497816,
      "MAE": 0.2642760300972188,
      "RMSE": 0.3134763052651275,
      "Spearman \u03c1": 0.6237513862762032
    },
    "fear": {
      "R\u00b2 Score": 0.24987278171584748,
      "MAE": 0.21227119801743533,
      "RMSE": 0.3283305121254605,
      "Spearman \u03c1": 0.36142092177660795
    },
    "sadness": {
      "R\u00b2 Score": 0.34653595941601056,
      "MAE": 0.2299702973154327,
      "RMSE": 0.3417226200425165,
      "Spearman \u03c1": 0.49757960434225973
    },
    "disgust": {
      "R\u00b2 Score": 0.04375411139764729,
      "MAE": 0.2649356286864271,
      "RMSE": 0.3817519959518576,
      "Spearman \u03c1": 0.2369061954024497
    },
    "anger": {
      "R\u00b2 Score": 0.27835625716028134,
      "MAE": 0.35136752872221994,
      "RMSE": 0.40887742432427554,
      "Spearman \u03c1": 0.561823647862188
    },
    "ironic": {
      "R\u00b2 Score": 0.5083245243054961,
      "MAE": 0.17400051054577154,
      "RMSE": 0.2720270624821872,
      "Spearman \u03c1": 0.6414534864900217
    },
    "embarassing": {
      "R\u00b2 Score": 1.0,
      "MAE": 0.05226658473323901,
      "RMSE": 0.06606768344099885,
      "Spearman \u03c1": 0.0
    },
    "vulgar": {
      "R\u00b2 Score": -1.6155091599881466,
      "MAE": 0.0678386243846431,
      "RMSE": 0.10870517946188052,
      "Spearman \u03c1": 0.03798148651163475
    },
    "political": {
      "R\u00b2 Score": 0.2549383124658674,
      "MAE": 0.1691806026299043,
      "RMSE": 0.2721633029574532,
      "Spearman \u03c1": 0.42062857221114935
    },
    "interesting": {
      "R\u00b2 Score": 0.2470811961368342,
      "MAE": 0.39294815076438994,
      "RMSE": 0.4338420573541017,
      "Spearman \u03c1": 0.4818573055146376
    },
    "understandable": {
      "R\u00b2 Score": 0.19242977886560075,
      "MAE": 0.34863482368898646,
      "RMSE": 0.4321508358607789,
      "Spearman \u03c1": 0.4714307475832663
    },
    "more": {
      "R\u00b2 Score": -0.3368524054473918,
      "MAE": 0.09897722883795285,
      "RMSE": 0.1931899748465628,
      "Spearman \u03c1": -0.03340550220618703
    },
    "offensive": {
      "R\u00b2 Score": 0.05494319632684819,
      "MAE": 0.2618892880131275,
      "RMSE": 0.368529907848612,
      "Spearman \u03c1": 0.29326104769119826
    },
    "funny": {
      "R\u00b2 Score": 0.5117700736314197,
      "MAE": 0.14686542968709534,
      "RMSE": 0.21500744535983787,
      "Spearman \u03c1": 0.5215552490602721
    }
  },
  "Statistics": {
    "Best performing labels (R\u00b2)": [
      [
        "embarassing",
        1.0
      ],
      [
        "funny",
        0.5117700736314197
      ],
      [
        "ironic",
        0.5083245243054961
      ],
      [
        "compassion",
        0.4424738600497816
      ],
      [
        "sadness",
        0.34653595941601056
      ]
    ],
    "Worst performing labels (R\u00b2)": [
      [
        "vulgar",
        -1.6155091599881466
      ],
      [
        "more",
        -0.3368524054473918
      ],
      [
        "calm",
        -0.017621598127509186
      ],
      [
        "delight",
        0.003981144027563666
      ],
      [
        "inspiring",
        0.031052555423078054
      ]
    ],
    "Performance variance (R\u00b2)": 0.218802108455122,
    "Performance std (R\u00b2)": 0.46776287631140845
  }
}