{
  "eval_loss": 0.04325614869594574,
  "eval_runtime": 6.5695,
  "eval_samples_per_second": 10.655,
  "eval_steps_per_second": 10.655,
  "seconds_per_step": 0.6729428768157959,
  "estimated_remaining_hours": 0.0,
  "epoch": 3.0
}