{
  "generation_success_rate": 1.0,
  "total_samples": 50,
  "valid_generations": 50,
  "accuracy": 0.8647619047619047,
  "f1_score": 0.6725442686643189,
  "precision": 0.6386511976920554,
  "recall": 0.6173901715568382,
  "accuracy_per_label": [
    0.68,
    0.62,
    0.86,
    0.86,
    0.88,
    0.8,
    0.92,
    0.98,
    0.92,
    0.8,
    0.86,
    0.78,
    0.94,
    1.0,
    1.0,
    0.92,
    0.76,
    0.76,
    0.98,
    0.84,
    1.0
  ],
  "f1_score_per_label": [
    0.4666666666666667,
    0.7246376811594203,
    0.631578947368421,
    0.5333333333333333,
    0.625,
    0.375,
    0.7142857142857143,
    0.9565217391304348,
    0.6666666666666666,
    0.5454545454545454,
    0.5333333333333333,
    0.7317073170731707,
    0.8235294117647058,
    1.0,
    1.0,
    0.75,
    0.76,
    0.7857142857142857,
    0.0,
    0.5,
    1.0
  ],
  "precision_per_label": [
    0.5,
    0.6944444444444444,
    0.46153846153846156,
    0.36363636363636365,
    0.45454545454545453,
    0.2727272727272727,
    0.8333333333333334,
    1.0,
    1.0,
    1.0,
    1.0,
    0.8823529411764706,
    0.7,
    0.0,
    0.0,
    0.8571428571428571,
    0.6333333333333333,
    0.7586206896551724,
    0.0,
    1.0,
    1.0
  ],
  "recall_per_label": [
    0.4375,
    0.7575757575757576,
    1.0,
    1.0,
    1.0,
    0.6,
    0.625,
    0.9166666666666666,
    0.5,
    0.375,
    0.36363636363636365,
    0.625,
    1.0,
    0.0,
    0.0,
    0.6666666666666666,
    0.95,
    0.8148148148148148,
    0.0,
    0.3333333333333333,
    1.0
  ],
  "generation_time_seconds": 598.2947301864624,
  "avg_time_per_sample": 11.965894603729248
}