{
  "accuracy": 0.8228273659438561,
  "f1_score": 0.27823415169415416,
  "precision": 0.40479890594676227,
  "recall": 0.24690165884848614,
  "accuracy_per_label": [
    0.7125567322239031,
    0.6641452344931922,
    0.8169440242057489,
    0.9016641452344932,
    0.8835098335854765,
    0.9152798789712556,
    0.7685325264750378,
    0.7715582450832073,
    0.8260211800302572,
    0.8608169440242057,
    0.8986384266263238,
    0.8350983358547656,
    0.8154311649016641,
    0.8880484114977307,
    0.7594553706505295,
    0.762481089258699,
    0.8366111951588502,
    0.8940998487140696
  ],
  "f1_score_per_label": [
    0.5957446808510638,
    0.7,
    0.032,
    0.0,
    0.0,
    0.0,
    0.0,
    0.0,
    0.0,
    0.5818181818181818,
    0.6564102564102564,
    0.7334963325183375,
    0.0,
    0.0,
    0.7718794835007173,
    0.8078335373317014,
    0.12903225806451613,
    0.0
  ],
  "precision_per_label": [
    0.6167400881057269,
    0.7777777777777778,
    0.6666666666666666,
    0.0,
    0.0,
    0.0,
    0.0,
    0.0,
    0.0,
    0.9696969696969697,
    0.9014084507042254,
    0.8928571428571429,
    0.0,
    0.0,
    0.739010989010989,
    0.8333333333333334,
    0.8888888888888888,
    0.0
  ],
  "recall_per_label": [
    0.5761316872427984,
    0.6363636363636364,
    0.01639344262295082,
    0.0,
    0.0,
    0.0,
    0.0,
    0.0,
    0.0,
    0.4155844155844156,
    0.5161290322580645,
    0.6224066390041494,
    0.0,
    0.0,
    0.8078078078078078,
    0.7838479809976246,
    0.06956521739130435,
    0.0
  ]
}