{
  "accuracy": 0.5494200706001009,
  "f1_score": 0.09382478768225061,
  "precision": 0.09591207920058707,
  "recall": 0.29681878346337504,
  "accuracy_per_label": [
    0.367624810892587,
    0.3842662632375189,
    0.8154311649016641,
    0.09833585476550681,
    0.8835098335854765,
    0.08472012102874432,
    0.7685325264750378,
    0.7503782148260212,
    0.8260211800302572,
    0.7670196671709532,
    0.8124054462934948,
    0.6354009077155824,
    0.18456883509833585,
    0.8880484114977307,
    0.4962178517397882,
    0.3630862329803328,
    0.17397881996974282,
    0.5900151285930408
  ],
  "f1_score_per_label": [
    0.5376106194690266,
    0.0,
    0.0,
    0.1790633608815427,
    0.0,
    0.15620641562064155,
    0.0,
    0.06779661016949153,
    0.0,
    0.0,
    0.0,
    0.0,
    0.3116219667943806,
    0.0,
    0.005970149253731343,
    0.0,
    0.2963917525773196,
    0.134185303514377
  ],
  "precision_per_label": [
    0.367624810892587,
    0.0,
    0.0,
    0.09833585476550681,
    0.0,
    0.08472012102874432,
    0.0,
    0.23076923076923078,
    0.0,
    0.0,
    0.0,
    0.0,
    0.18456883509833585,
    0.0,
    0.5,
    0.0,
    0.17397881996974282,
    0.08641975308641975
  ],
  "recall_per_label": [
    1.0,
    0.0,
    0.0,
    1.0,
    0.0,
    1.0,
    0.0,
    0.039735099337748346,
    0.0,
    0.0,
    0.0,
    0.0,
    1.0,
    0.0,
    0.003003003003003003,
    0.0,
    1.0,
    0.3
  ]
}