{
  "mae": 0.43243487987800766,
  "rmse": 0.5286476056887778,
  "r2": -7.673973131722122,
  "spearman": -0.01274498313889634,
  "mae_per_label": [
    0.4072316319607029,
    0.74011017302116,
    0.42995051000374346,
    0.50451651535669,
    0.19951770574124966,
    0.26509158004430344,
    0.4852198317489177,
    0.27428966311273995,
    0.2707182516691905,
    0.5087778195400642,
    0.24116950433129064,
    0.5538805105051366,
    0.27911458086678914,
    0.06336032806125325,
    0.7998914161356062,
    0.4172644489381389,
    0.5429993671394671,
    0.626478218636229,
    0.28075259173241035,
    0.8907179407741587,
    0.30007988811891845
  ],
  "rmse_per_label": [
    0.5283968209262156,
    0.8856520532903553,
    0.43893525466214767,
    0.5047125280362051,
    0.32182197753101727,
    0.30861082796436956,
    0.642809721322328,
    0.5011928845050465,
    0.380446096471563,
    0.5090985757615561,
    0.46018149824948773,
    0.734213584076626,
    0.3896457065037818,
    0.06673805234680605,
    0.8011242494996422,
    0.5229043327622308,
    0.7389299429439459,
    0.7679929521420302,
    0.2918573170375288,
    0.967843704135959,
    0.3384916392954902
  ],
  "r2_per_label": [
    -0.20099377307820143,
    -2.3151337955384226,
    -0.2801334664028887,
    -1.8729725237205868,
    -0.006307582293402447,
    -0.22823604014158727,
    -1.3228044424821777,
    -0.4251664461473761,
    -0.007160537102781639,
    -0.4503673111980444,
    -0.3895214506790148,
    -1.3269198087360303,
    -0.00877454141645928,
    1.0,
    -141.0546734476204,
    -1.7502842310291542,
    -1.1841948188465965,
    -1.550492498348362,
    -2.0510931126709204,
    -5.518128147465376,
    -0.21007779124675285
  ],
  "spearman_per_label": [
    0.024369498194787287,
    0.012958141745660115,
    -0.03550914214017676,
    -0.0949491740412994,
    -0.05985659572361667,
    -0.011986711577931668,
    0.019850708281378214,
    0.04351095080021715,
    -0.003743669058388567,
    -0.040661612597588354,
    -0.08403924874199202,
    -0.031099863581194796,
    0.00014305841289164787,
    0.0,
    -0.003420692884588223,
    0.04747409997218137,
    -0.09238492322138674,
    0.001582756933901992,
    -0.01333373028400363,
    0.059145788252083054,
    -0.005694284657757144
  ]
}