{
  "accuracy": 0.7296861747243426,
  "f1_score": 0.05622393903417348,
  "precision": 0.04548865421374364,
  "recall": 0.08475323959194928,
  "accuracy_per_label": [
    0.6290076335877862,
    0.5480916030534351,
    0.40458015267175573,
    0.8824427480916031,
    0.8717557251908397,
    0.9068702290076336,
    0.7404580152671756,
    0.7740458015267175,
    0.8351145038167939,
    0.7694656488549618,
    0.8366412213740458,
    0.6442748091603053,
    0.8198473282442749,
    0.9053435114503817,
    0.47022900763358777,
    0.3603053435114504,
    0.8381679389312977,
    0.8977099236641222
  ],
  "f1_score_per_label": [
    0.0,
    0.6775599128540305,
    0.33447098976109213,
    0.0,
    0.0,
    0.0,
    0.0,
    0.0,
    0.0,
    0.0,
    0.0,
    0.0,
    0.0,
    0.0,
    0.0,
    0.0,
    0.0,
    0.0
  ],
  "precision_per_label": [
    0.0,
    0.6038834951456311,
    0.2149122807017544,
    0.0,
    0.0,
    0.0,
    0.0,
    0.0,
    0.0,
    0.0,
    0.0,
    0.0,
    0.0,
    0.0,
    0.0,
    0.0,
    0.0,
    0.0
  ],
  "recall_per_label": [
    0.0,
    0.771712158808933,
    0.7538461538461538,
    0.0,
    0.0,
    0.0,
    0.0,
    0.0,
    0.0,
    0.0,
    0.0,
    0.0,
    0.0,
    0.0,
    0.0,
    0.0,
    0.0,
    0.0
  ]
}