{
  "best_global_step": 186,
  "best_metric": 0.14740089691335484,
  "best_model_checkpoint": "artifacts/models/encoder/enc_baseline_xlmr/checkpoint-186",
  "epoch": 3.0,
  "eval_steps": 500,
  "global_step": 186,
  "is_hyper_param_search": false,
  "is_local_process_zero": true,
  "is_world_process_zero": true,
  "log_history": [
    {
      "epoch": 0.8064516129032258,
      "grad_norm": 0.8085283041000366,
      "learning_rate": 4.101796407185629e-05,
      "loss": 0.5527,
      "step": 50
    },
    {
      "epoch": 1.0,
      "eval_accuracy": 0.7442427298705665,
      "eval_accuracy_per_label": [
        0.632375189107413,
        0.3842662632375189,
        0.8154311649016641,
        0.9016641452344932,
        0.8835098335854765,
        0.9152798789712556,
        0.7685325264750378,
        0.7715582450832073,
        0.8260211800302572,
        0.7670196671709532,
        0.8124054462934948,
        0.6354009077155824,
        0.8154311649016641,
        0.8880484114977307,
        0.4962178517397882,
        0.3630862329803328,
        0.8260211800302572,
        0.8940998487140696
      ],
      "eval_f1_score": 0.0,
      "eval_f1_score_per_label": [
        0.0,
        0.0,
        0.0,
        0.0,
        0.0,
        0.0,
        0.0,
        0.0,
        0.0,
        0.0,
        0.0,
        0.0,
        0.0,
        0.0,
        0.0,
        0.0,
        0.0,
        0.0
      ],
      "eval_loss": 0.5055809020996094,
      "eval_precision": 0.0,
      "eval_precision_per_label": [
        0.0,
        0.0,
        0.0,
        0.0,
        0.0,
        0.0,
        0.0,
        0.0,
        0.0,
        0.0,
        0.0,
        0.0,
        0.0,
        0.0,
        0.0,
        0.0,
        0.0,
        0.0
      ],
      "eval_recall": 0.0,
      "eval_recall_per_label": [
        0.0,
        0.0,
        0.0,
        0.0,
        0.0,
        0.0,
        0.0,
        0.0,
        0.0,
        0.0,
        0.0,
        0.0,
        0.0,
        0.0,
        0.0,
        0.0,
        0.0,
        0.0
      ],
      "eval_runtime": 0.9198,
      "eval_samples_per_second": 718.651,
      "eval_steps_per_second": 22.832,
      "step": 62
    },
    {
      "epoch": 1.6129032258064515,
      "grad_norm": 0.4815705716609955,
      "learning_rate": 2.604790419161677e-05,
      "loss": 0.4977,
      "step": 100
    },
    {
      "epoch": 2.0,
      "eval_accuracy": 0.7699613380400067,
      "eval_accuracy_per_label": [
        0.632375189107413,
        0.573373676248109,
        0.8154311649016641,
        0.9016641452344932,
        0.8835098335854765,
        0.9152798789712556,
        0.7685325264750378,
        0.7715582450832073,
        0.8260211800302572,
        0.7670196671709532,
        0.8124054462934948,
        0.6354009077155824,
        0.8154311649016641,
        0.8880484114977307,
        0.4962178517397882,
        0.6369137670196672,
        0.8260211800302572,
        0.8940998487140696
      ],
      "eval_f1_score": 0.07223457989146137,
      "eval_f1_score_per_label": [
        0.0,
        0.5220338983050847,
        0.0,
        0.0,
        0.0,
        0.0,
        0.0,
        0.0,
        0.0,
        0.0,
        0.0,
        0.0,
        0.0,
        0.0,
        0.0,
        0.7781885397412199,
        0.0,
        0.0
      ],
      "eval_loss": 0.4807707965373993,
      "eval_precision": 0.08213576787024866,
      "eval_precision_per_label": [
        0.0,
        0.8415300546448088,
        0.0,
        0.0,
        0.0,
        0.0,
        0.0,
        0.0,
        0.0,
        0.0,
        0.0,
        0.0,
        0.0,
        0.0,
        0.0,
        0.6369137670196672,
        0.0,
        0.0
      ],
      "eval_recall": 0.07657657657657659,
      "eval_recall_per_label": [
        0.0,
        0.3783783783783784,
        0.0,
        0.0,
        0.0,
        0.0,
        0.0,
        0.0,
        0.0,
        0.0,
        0.0,
        0.0,
        0.0,
        0.0,
        0.0,
        1.0,
        0.0,
        0.0
      ],
      "eval_runtime": 0.9387,
      "eval_samples_per_second": 704.157,
      "eval_steps_per_second": 22.371,
      "step": 124
    },
    {
      "epoch": 2.4193548387096775,
      "grad_norm": 0.8808333277702332,
      "learning_rate": 1.1077844311377246e-05,
      "loss": 0.4824,
      "step": 150
    },
    {
      "epoch": 3.0,
      "eval_accuracy": 0.7970247100353,
      "eval_accuracy_per_label": [
        0.632375189107413,
        0.6308623298033282,
        0.8154311649016641,
        0.9016641452344932,
        0.8835098335854765,
        0.9152798789712556,
        0.7685325264750378,
        0.7715582450832073,
        0.8260211800302572,
        0.7670196671709532,
        0.8124054462934948,
        0.8154311649016641,
        0.8154311649016641,
        0.8880484114977307,
        0.6202723146747352,
        0.762481089258699,
        0.8260211800302572,
        0.8940998487140696
      ],
      "eval_f1_score": 0.14740089691335484,
      "eval_f1_score_per_label": [
        0.0,
        0.6390532544378699,
        0.0,
        0.0,
        0.0,
        0.0,
        0.0,
        0.0,
        0.0,
        0.0,
        0.0,
        0.6772486772486772,
        0.0,
        0.0,
        0.5290806754221389,
        0.8078335373317014,
        0.0,
        0.0
      ],
      "eval_loss": 0.393183171749115,
      "eval_precision": 0.18197854890953147,
      "eval_precision_per_label": [
        0.0,
        0.8029739776951673,
        0.0,
        0.0,
        0.0,
        0.0,
        0.0,
        0.0,
        0.0,
        0.0,
        0.0,
        0.9343065693430657,
        0.0,
        0.0,
        0.705,
        0.8333333333333334,
        0.0,
        0.0
      ],
      "eval_recall": 0.12606134817132145,
      "eval_recall_per_label": [
        0.0,
        0.5307125307125307,
        0.0,
        0.0,
        0.0,
        0.0,
        0.0,
        0.0,
        0.0,
        0.0,
        0.0,
        0.5311203319502075,
        0.0,
        0.0,
        0.42342342342342343,
        0.7838479809976246,
        0.0,
        0.0
      ],
      "eval_runtime": 0.9258,
      "eval_samples_per_second": 713.962,
      "eval_steps_per_second": 22.683,
      "step": 186
    }
  ],
  "logging_steps": 50,
  "max_steps": 186,
  "num_input_tokens_seen": 0,
  "num_train_epochs": 3,
  "save_steps": 500,
  "stateful_callbacks": {
    "TrainerControl": {
      "args": {
        "should_epoch_stop": false,
        "should_evaluate": false,
        "should_log": false,
        "should_save": true,
        "should_training_stop": true
      },
      "attributes": {}
    }
  },
  "total_flos": 0.0,
  "train_batch_size": 16,
  "trial_name": null,
  "trial_params": null
}
