{
  "best_global_step": 124,
  "best_metric": 0.35554356944929155,
  "best_model_checkpoint": "artifacts/models/encoder/enc_persona_token_mdeberta_weighted/checkpoint-124",
  "epoch": 2.0,
  "eval_steps": 500,
  "global_step": 124,
  "is_hyper_param_search": false,
  "is_local_process_zero": true,
  "is_world_process_zero": true,
  "log_history": [
    {
      "epoch": 0.8064516129032258,
      "grad_norm": 1.2675085067749023,
      "learning_rate": 4.101796407185629e-05,
      "loss": 0.8592,
      "step": 50
    },
    {
      "epoch": 1.0,
      "eval_accuracy": 0.744494873087914,
      "eval_accuracy_per_label": [
        0.632375189107413,
        0.3857791225416036,
        0.8154311649016641,
        0.9016641452344932,
        0.8835098335854765,
        0.9152798789712556,
        0.7685325264750378,
        0.7715582450832073,
        0.8260211800302572,
        0.7670196671709532,
        0.8124054462934948,
        0.6354009077155824,
        0.8154311649016641,
        0.8880484114977307,
        0.4962178517397882,
        0.3661119515885023,
        0.8260211800302572,
        0.8940998487140696
      ],
      "eval_f1_score": 0.0013131846545539891,
      "eval_f1_score_per_label": [
        0.0,
        0.004901960784313725,
        0.0,
        0.0,
        0.0,
        0.0,
        0.0,
        0.0,
        0.0,
        0.0,
        0.0,
        0.0,
        0.0,
        0.0,
        0.0,
        0.01873536299765808,
        0.0,
        0.0
      ],
      "eval_loss": 0.8186157941818237,
      "eval_precision": 0.09259259259259259,
      "eval_precision_per_label": [
        0.0,
        1.0,
        0.0,
        0.0,
        0.0,
        0.0,
        0.0,
        0.0,
        0.0,
        0.0,
        0.0,
        0.0,
        0.0,
        0.0,
        0.0,
        0.6666666666666666,
        0.0,
        0.0
      ],
      "eval_recall": 0.0006643438947476952,
      "eval_recall_per_label": [
        0.0,
        0.002457002457002457,
        0.0,
        0.0,
        0.0,
        0.0,
        0.0,
        0.0,
        0.0,
        0.0,
        0.0,
        0.0,
        0.0,
        0.0,
        0.0,
        0.009501187648456057,
        0.0,
        0.0
      ],
      "eval_runtime": 1.4046,
      "eval_samples_per_second": 470.582,
      "eval_steps_per_second": 14.95,
      "step": 62
    },
    {
      "epoch": 1.6129032258064515,
      "grad_norm": 1.0599737167358398,
      "learning_rate": 2.604790419161677e-05,
      "loss": 0.7797,
      "step": 100
    },
    {
      "epoch": 2.0,
      "eval_accuracy": 0.7994620944696588,
      "eval_accuracy_per_label": [
        0.6611195158850227,
        0.5279878971255674,
        0.8260211800302572,
        0.869894099848714,
        0.8729198184568835,
        0.8714069591527988,
        0.8562783661119516,
        0.8638426626323752,
        0.8714069591527988,
        0.8608169440242057,
        0.8124054462934948,
        0.7291981845688351,
        0.8381240544629349,
        0.8880484114977307,
        0.5703479576399395,
        0.745839636913767,
        0.8260211800302572,
        0.8986384266263238
      ],
      "eval_f1_score": 0.35554356944929155,
      "eval_f1_score_per_label": [
        0.27741935483870966,
        0.46757679180887374,
        0.3915343915343915,
        0.3064516129032258,
        0.4166666666666667,
        0.3089430894308943,
        0.5539906103286385,
        0.5871559633027523,
        0.6382978723404256,
        0.5818181818181818,
        0.0,
        0.4169381107491857,
        0.24113475177304963,
        0.0,
        0.32057416267942584,
        0.8090909090909091,
        0.0,
        0.0821917808219178
      ],
      "eval_loss": 0.6943147778511047,
      "eval_precision": 0.6096829210673648,
      "eval_precision_per_label": [
        0.6417910447761194,
        0.7653631284916201,
        0.5522388059701493,
        0.3220338983050847,
        0.44776119402985076,
        0.2835820895522388,
        0.9833333333333333,
        0.9552238805970149,
        0.625,
        0.9696969696969697,
        0.0,
        0.9696969696969697,
        0.8947368421052632,
        0.0,
        0.788235294117647,
        0.775599128540305,
        0.0,
        1.0
      ],
      "eval_recall": 0.28943529611957514,
      "eval_recall_per_label": [
        0.17695473251028807,
        0.3366093366093366,
        0.30327868852459017,
        0.2923076923076923,
        0.38961038961038963,
        0.3392857142857143,
        0.38562091503267976,
        0.423841059602649,
        0.6521739130434783,
        0.4155844155844156,
        0.0,
        0.26556016597510373,
        0.13934426229508196,
        0.0,
        0.2012012012012012,
        0.8456057007125891,
        0.0,
        0.04285714285714286
      ],
      "eval_runtime": 1.406,
      "eval_samples_per_second": 470.125,
      "eval_steps_per_second": 14.936,
      "step": 124
    }
  ],
  "logging_steps": 50,
  "max_steps": 186,
  "num_input_tokens_seen": 0,
  "num_train_epochs": 3,
  "save_steps": 500,
  "stateful_callbacks": {
    "TrainerControl": {
      "args": {
        "should_epoch_stop": false,
        "should_evaluate": false,
        "should_log": false,
        "should_save": true,
        "should_training_stop": false
      },
      "attributes": {}
    }
  },
  "total_flos": 0.0,
  "train_batch_size": 16,
  "trial_name": null,
  "trial_params": null
}
