{
  "accuracy": 0.49663809043536716,
  "f1_score": 0.2142976450929388,
  "precision": 0.18396419513798432,
  "recall": 0.4751579752152692,
  "accuracy_per_label": [
    0.632375189107413,
    0.6157337367624811,
    0.8048411497730711,
    0.9016641452344932,
    0.8835098335854765,
    0.5748865355521936,
    0.2314674735249622,
    0.7715582450832073,
    0.17549167927382753,
    0.3600605143721634,
    0.5219364599092284,
    0.5264750378214826,
    0.1875945537065053,
    0.17095310136157338,
    0.4962178517397882,
    0.3812405446293495,
    0.2934947049924357,
    0.40998487140695916
  ],
  "f1_score_per_label": [
    0.0,
    0.7621722846441947,
    0.058394160583941604,
    0.0,
    0.0,
    0.1710914454277286,
    0.3759213759213759,
    0.0,
    0.2967741935483871,
    0.35419847328244275,
    0.24401913875598086,
    0.459412780656304,
    0.31241997439180536,
    0.18452380952380953,
    0.0,
    0.19646365422396855,
    0.2934947049924357,
    0.14847161572052403
  ],
  "precision_per_label": [
    0.0,
    0.6157337367624811,
    0.26666666666666666,
    0.0,
    0.0,
    0.10247349823321555,
    0.2314674735249622,
    0.0,
    0.17424242424242425,
    0.2315369261477046,
    0.17346938775510204,
    0.39349112426035504,
    0.18512898330804248,
    0.10367892976588629,
    0.0,
    0.5681818181818182,
    0.17765567765567766,
    0.08762886597938144
  ],
  "recall_per_label": [
    0.0,
    1.0,
    0.03278688524590164,
    0.0,
    0.0,
    0.5178571428571429,
    1.0,
    0.0,
    1.0,
    0.7532467532467533,
    0.4112903225806452,
    0.5518672199170125,
    1.0,
    0.8378378378378378,
    0.0,
    0.1187648456057007,
    0.8434782608695652,
    0.4857142857142857
  ]
}