{
  "accuracy": 0.7733672603901611,
  "f1_score": 0.12251418715302852,
  "precision": 0.09863818242338906,
  "recall": 0.16186359269932757,
  "accuracy_per_label": [
    0.6290076335877862,
    0.6152671755725191,
    0.8015267175572519,
    0.8824427480916031,
    0.8763358778625954,
    0.9068702290076336,
    0.7404580152671756,
    0.7740458015267175,
    0.8351145038167939,
    0.7694656488549618,
    0.8366412213740458,
    0.6442748091603053,
    0.8198473282442749,
    0.9053435114503817,
    0.5083969465648855,
    0.6396946564885496,
    0.8381679389312977,
    0.8977099236641222
  ],
  "f1_score_per_label": [
    0.0,
    0.7618147448015122,
    0.0,
    0.0,
    0.0,
    0.0,
    0.0,
    0.0,
    0.0,
    0.0,
    0.0,
    0.0,
    0.0,
    0.0,
    0.6631799163179917,
    0.7802607076350093,
    0.0,
    0.0
  ],
  "precision_per_label": [
    0.0,
    0.6152671755725191,
    0.0,
    0.0,
    0.0,
    0.0,
    0.0,
    0.0,
    0.0,
    0.0,
    0.0,
    0.0,
    0.0,
    0.0,
    0.5205254515599343,
    0.6396946564885496,
    0.0,
    0.0
  ],
  "recall_per_label": [
    0.0,
    1.0,
    0.0,
    0.0,
    0.0,
    0.0,
    0.0,
    0.0,
    0.0,
    0.0,
    0.0,
    0.0,
    0.0,
    0.0,
    0.9135446685878963,
    1.0,
    0.0,
    0.0
  ]
}