{
  "mae": 0.27261178783885526,
  "rmse": 0.3512097947510822,
  "r2": 0.04727345317345314,
  "spearman": 0.1224746100643278,
  "mae_per_label": [
    0.4597722102212542,
    0.47384491676592644,
    0.2904092064340606,
    0.19423830926645802,
    0.21632195926122083,
    0.15351848745619068,
    0.35894199325383164,
    0.33498327104189923,
    0.2598790973197413,
    0.3430245515954404,
    0.27307720539224056,
    0.45836149604265924,
    0.292581737268972,
    0.004850237267020777,
    0.010990695744212575,
    0.16304140621014224,
    0.4957141435783328,
    0.4524887440768817,
    0.050119903080791006,
    0.2541756096914524,
    0.18451236364723161
  ],
  "rmse_per_label": [
    0.48244480028182174,
    0.48718204334780824,
    0.4007186453296213,
    0.3222607914230321,
    0.32940301135844224,
    0.29112089230122035,
    0.4401876873789322,
    0.41838453782874996,
    0.3719099413289867,
    0.42085125413365215,
    0.36909380424024224,
    0.4776592989675349,
    0.3836115363594564,
    0.004867069740913411,
    0.06755634127655458,
    0.29291016889651045,
    0.49689995797062586,
    0.4787610889138702,
    0.16805552107528524,
    0.3688066551594567,
    0.3027206424600108
  ],
  "r2_per_label": [
    0.002588502072893295,
    -0.0026735491773852704,
    -0.009390110190028889,
    -0.001103489166663696,
    -0.00124605730352223,
    -0.003490042560737816,
    -0.008248817240619433,
    -0.0008389008148101951,
    -0.004493412522251106,
    0.0015360992606283652,
    0.003237309147126499,
    0.004478366993225347,
    0.003655275849680173,
    1.0,
    -0.001027460789599921,
    -0.001163748316798996,
    0.008847846940441162,
    0.005524092520672652,
    -0.0027148641808223406,
    -0.0027712845394989305,
    0.0020367606605872224
  ],
  "spearman_per_label": [
    0.1393502943756338,
    -0.11161475681947339,
    0.12022971748158548,
    0.14108948107499256,
    -0.044958709686017666,
    0.11480267474916452,
    0.2969616432990103,
    0.18196855679963395,
    0.02467501031095785,
    0.1753001568549699,
    0.1672346663992877,
    0.13887577829166262,
    0.2887165180925767,
    0.0,
    0.001076236998580617,
    0.0006895514029488768,
    0.3228531223332154,
    0.3405238255161402,
    -0.09646257431272835,
    0.17225327091158318,
    0.19840234727715986
  ],
  "accuracy": 0.8051617593602328,
  "f1_score": 0.1540328677569335,
  "precision": 0.08498727735368956,
  "recall": 0.14285714285714285,
  "accuracy_per_label": [
    0.6290076335877862,
    0.6152671755725191,
    0.8015267175572519,
    0.8824427480916031,
    0.8763358778625954,
    0.9068702290076336,
    0.7404580152671756,
    0.7740458015267175,
    0.8351145038167939,
    0.7694656488549618,
    0.8366412213740458,
    0.6442748091603053,
    0.8198473282442749,
    1.0,
    0.9954198473282443,
    0.9053435114503817,
    0.5297709923664122,
    0.6396946564885496,
    0.9709923664122138,
    0.8381679389312977,
    0.8977099236641222
  ],
  "f1_score_per_label": [
    0.0,
    0.7618147448015122,
    0.0,
    0.0,
    0.0,
    0.0,
    0.0,
    0.0,
    0.0,
    0.0,
    0.0,
    0.0,
    0.0,
    1.0,
    0.0,
    0.0,
    0.6926147704590818,
    0.7802607076350093,
    0.0,
    0.0,
    0.0
  ],
  "precision_per_label": [
    0.0,
    0.6152671755725191,
    0.0,
    0.0,
    0.0,
    0.0,
    0.0,
    0.0,
    0.0,
    0.0,
    0.0,
    0.0,
    0.0,
    0.0,
    0.0,
    0.0,
    0.5297709923664122,
    0.6396946564885496,
    0.0,
    0.0,
    0.0
  ],
  "recall_per_label": [
    0.0,
    1.0,
    0.0,
    0.0,
    0.0,
    0.0,
    0.0,
    0.0,
    0.0,
    0.0,
    0.0,
    0.0,
    0.0,
    0.0,
    0.0,
    0.0,
    1.0,
    1.0,
    0.0,
    0.0,
    0.0
  ]
}