{
  "best_global_step": 62,
  "best_metric": 0.0,
  "best_model_checkpoint": "artifacts/models/encoder/enc_baseline_xlmr_weighted/checkpoint-62",
  "epoch": 3.0,
  "eval_steps": 500,
  "global_step": 186,
  "is_hyper_param_search": false,
  "is_local_process_zero": true,
  "is_world_process_zero": true,
  "log_history": [
    {
      "epoch": 0.8064516129032258,
      "grad_norm": 1.0304124355316162,
      "learning_rate": 4.101796407185629e-05,
      "loss": 0.8454,
      "step": 50
    },
    {
      "epoch": 1.0,
      "eval_accuracy": 0.7442427298705665,
      "eval_accuracy_per_label": [
        0.632375189107413,
        0.3842662632375189,
        0.8154311649016641,
        0.9016641452344932,
        0.8835098335854765,
        0.9152798789712556,
        0.7685325264750378,
        0.7715582450832073,
        0.8260211800302572,
        0.7670196671709532,
        0.8124054462934948,
        0.6354009077155824,
        0.8154311649016641,
        0.8880484114977307,
        0.4962178517397882,
        0.3630862329803328,
        0.8260211800302572,
        0.8940998487140696
      ],
      "eval_f1_score": 0.0,
      "eval_f1_score_per_label": [
        0.0,
        0.0,
        0.0,
        0.0,
        0.0,
        0.0,
        0.0,
        0.0,
        0.0,
        0.0,
        0.0,
        0.0,
        0.0,
        0.0,
        0.0,
        0.0,
        0.0,
        0.0
      ],
      "eval_loss": 0.8415692448616028,
      "eval_precision": 0.0,
      "eval_precision_per_label": [
        0.0,
        0.0,
        0.0,
        0.0,
        0.0,
        0.0,
        0.0,
        0.0,
        0.0,
        0.0,
        0.0,
        0.0,
        0.0,
        0.0,
        0.0,
        0.0,
        0.0,
        0.0
      ],
      "eval_recall": 0.0,
      "eval_recall_per_label": [
        0.0,
        0.0,
        0.0,
        0.0,
        0.0,
        0.0,
        0.0,
        0.0,
        0.0,
        0.0,
        0.0,
        0.0,
        0.0,
        0.0,
        0.0,
        0.0,
        0.0,
        0.0
      ],
      "eval_runtime": 0.9859,
      "eval_samples_per_second": 670.48,
      "eval_steps_per_second": 21.301,
      "step": 62
    },
    {
      "epoch": 1.6129032258064515,
      "grad_norm": 1.0373599529266357,
      "learning_rate": 2.604790419161677e-05,
      "loss": 0.8299,
      "step": 100
    },
    {
      "epoch": 2.0,
      "eval_accuracy": 0.7442427298705665,
      "eval_accuracy_per_label": [
        0.632375189107413,
        0.3842662632375189,
        0.8154311649016641,
        0.9016641452344932,
        0.8835098335854765,
        0.9152798789712556,
        0.7685325264750378,
        0.7715582450832073,
        0.8260211800302572,
        0.7670196671709532,
        0.8124054462934948,
        0.6354009077155824,
        0.8154311649016641,
        0.8880484114977307,
        0.4962178517397882,
        0.3630862329803328,
        0.8260211800302572,
        0.8940998487140696
      ],
      "eval_f1_score": 0.0,
      "eval_f1_score_per_label": [
        0.0,
        0.0,
        0.0,
        0.0,
        0.0,
        0.0,
        0.0,
        0.0,
        0.0,
        0.0,
        0.0,
        0.0,
        0.0,
        0.0,
        0.0,
        0.0,
        0.0,
        0.0
      ],
      "eval_loss": 0.830755352973938,
      "eval_precision": 0.0,
      "eval_precision_per_label": [
        0.0,
        0.0,
        0.0,
        0.0,
        0.0,
        0.0,
        0.0,
        0.0,
        0.0,
        0.0,
        0.0,
        0.0,
        0.0,
        0.0,
        0.0,
        0.0,
        0.0,
        0.0
      ],
      "eval_recall": 0.0,
      "eval_recall_per_label": [
        0.0,
        0.0,
        0.0,
        0.0,
        0.0,
        0.0,
        0.0,
        0.0,
        0.0,
        0.0,
        0.0,
        0.0,
        0.0,
        0.0,
        0.0,
        0.0,
        0.0,
        0.0
      ],
      "eval_runtime": 0.9405,
      "eval_samples_per_second": 702.81,
      "eval_steps_per_second": 22.328,
      "step": 124
    },
    {
      "epoch": 2.4193548387096775,
      "grad_norm": 1.039126992225647,
      "learning_rate": 1.1077844311377246e-05,
      "loss": 0.8391,
      "step": 150
    },
    {
      "epoch": 3.0,
      "eval_accuracy": 0.7442427298705665,
      "eval_accuracy_per_label": [
        0.632375189107413,
        0.3842662632375189,
        0.8154311649016641,
        0.9016641452344932,
        0.8835098335854765,
        0.9152798789712556,
        0.7685325264750378,
        0.7715582450832073,
        0.8260211800302572,
        0.7670196671709532,
        0.8124054462934948,
        0.6354009077155824,
        0.8154311649016641,
        0.8880484114977307,
        0.4962178517397882,
        0.3630862329803328,
        0.8260211800302572,
        0.8940998487140696
      ],
      "eval_f1_score": 0.0,
      "eval_f1_score_per_label": [
        0.0,
        0.0,
        0.0,
        0.0,
        0.0,
        0.0,
        0.0,
        0.0,
        0.0,
        0.0,
        0.0,
        0.0,
        0.0,
        0.0,
        0.0,
        0.0,
        0.0,
        0.0
      ],
      "eval_loss": 0.8302468061447144,
      "eval_precision": 0.0,
      "eval_precision_per_label": [
        0.0,
        0.0,
        0.0,
        0.0,
        0.0,
        0.0,
        0.0,
        0.0,
        0.0,
        0.0,
        0.0,
        0.0,
        0.0,
        0.0,
        0.0,
        0.0,
        0.0,
        0.0
      ],
      "eval_recall": 0.0,
      "eval_recall_per_label": [
        0.0,
        0.0,
        0.0,
        0.0,
        0.0,
        0.0,
        0.0,
        0.0,
        0.0,
        0.0,
        0.0,
        0.0,
        0.0,
        0.0,
        0.0,
        0.0,
        0.0,
        0.0
      ],
      "eval_runtime": 0.9321,
      "eval_samples_per_second": 709.169,
      "eval_steps_per_second": 22.53,
      "step": 186
    }
  ],
  "logging_steps": 50,
  "max_steps": 186,
  "num_input_tokens_seen": 0,
  "num_train_epochs": 3,
  "save_steps": 500,
  "stateful_callbacks": {
    "TrainerControl": {
      "args": {
        "should_epoch_stop": false,
        "should_evaluate": false,
        "should_log": false,
        "should_save": true,
        "should_training_stop": true
      },
      "attributes": {}
    }
  },
  "total_flos": 0.0,
  "train_batch_size": 16,
  "trial_name": null,
  "trial_params": null
}
