{
  "accuracy": 0.520759791561607,
  "f1_score": 0.3380698371211671,
  "precision": 0.2544920620977321,
  "recall": 0.6525387162888786,
  "accuracy_per_label": [
    0.37065052950075644,
    0.6142208774583964,
    0.4659606656580938,
    0.8986384266263238,
    0.4236006051437216,
    0.9152798789712556,
    0.2344931921331316,
    0.40998487140695916,
    0.5869894099848714,
    0.29954614220877457,
    0.2314674735249622,
    0.367624810892587,
    0.18608169440242056,
    0.8880484114977307,
    0.5158850226928896,
    0.6338880484114977,
    0.45385779122541603,
    0.8774583963691377
  ],
  "f1_score_per_label": [
    0.5388026607538803,
    0.7601128880526811,
    0.3198458574181118,
    0.028985507246376812,
    0.20125786163522014,
    0.0,
    0.37530864197530867,
    0.3829113924050633,
    0.2680965147453083,
    0.38348868175765644,
    0.30601092896174864,
    0.5324384787472036,
    0.31202046035805625,
    0.0,
    0.6624472573839663,
    0.7759259259259259,
    0.21350762527233116,
    0.024096385542168676
  ],
  "precision_per_label": [
    0.36874051593323215,
    0.6158536585365854,
    0.20906801007556675,
    0.25,
    0.12,
    0.0,
    0.2313546423135464,
    0.2515592515592516,
    0.1937984496124031,
    0.24120603015075376,
    0.18421052631578946,
    0.36447166921898927,
    0.18484848484848485,
    0.0,
    0.510569105691057,
    0.6358118361153262,
    0.14244186046511628,
    0.07692307692307693
  ],
  "recall_per_label": [
    1.0,
    0.9926289926289926,
    0.680327868852459,
    0.015384615384615385,
    0.6233766233766234,
    0.0,
    0.9934640522875817,
    0.8013245033112583,
    0.43478260869565216,
    0.935064935064935,
    0.9032258064516129,
    0.9875518672199171,
    1.0,
    0.0,
    0.9429429429429429,
    0.995249406175772,
    0.4260869565217391,
    0.014285714285714285
  ]
}