{
  "accuracy": 0.4936386768447838,
  "f1_score": 0.3374464764688614,
  "precision": 0.24836577343209823,
  "recall": 0.6828393570775637,
  "accuracy_per_label": [
    0.37251908396946565,
    0.6152671755725191,
    0.2183206106870229,
    0.8763358778625954,
    0.44274809160305345,
    0.9068702290076336,
    0.2595419847328244,
    0.24885496183206107,
    0.5618320610687023,
    0.2717557251908397,
    0.1648854961832061,
    0.3526717557251908,
    0.18167938931297709,
    0.9053435114503817,
    0.5083969465648855,
    0.6396946564885496,
    0.4854961832061069,
    0.8732824427480916
  ],
  "f1_score_per_label": [
    0.5407821229050279,
    0.7609108159392789,
    0.33678756476683935,
    0.024096385542168676,
    0.22174840085287847,
    0.0,
    0.4092570036540804,
    0.3756345177664975,
    0.21798365122615804,
    0.35800807537012114,
    0.2812089356110381,
    0.5170842824601367,
    0.30569948186528495,
    0.0,
    0.6631799163179917,
    0.7798507462686567,
    0.23582766439909297,
    0.04597701149425287
  ],
  "precision_per_label": [
    0.37116564417177916,
    0.6159754224270353,
    0.20249221183800623,
    0.16666666666666666,
    0.13402061855670103,
    0.0,
    0.25806451612903225,
    0.23125,
    0.15444015444015444,
    0.22466216216216217,
    0.1636085626911315,
    0.351937984496124,
    0.18042813455657492,
    0.0,
    0.5205254515599343,
    0.6401225114854517,
    0.15522388059701492,
    0.1
  ],
  "recall_per_label": [
    0.9958847736625515,
    0.9950372208436724,
    1.0,
    0.012987012987012988,
    0.6419753086419753,
    0.0,
    0.9882352941176471,
    1.0,
    0.37037037037037035,
    0.8807947019867549,
    1.0,
    0.9742489270386266,
    1.0,
    0.0,
    0.9135446685878963,
    0.9976133651551312,
    0.49056603773584906,
    0.029850746268656716
  ]
}