{
  "eval_loss": 0.4798586368560791,
  "eval_accuracy": 0.8542612203731721,
  "eval_f1_score": 0.692405956670381,
  "eval_precision": 0.7530684076968787,
  "eval_recall": 0.6861017673695118,
  "eval_accuracy_per_label": [
    0.7049924357034796,
    0.6081694402420574,
    0.8320726172465961,
    0.8335854765506808,
    0.8441754916792739,
    0.8245083207261724,
    0.8880484114977307,
    0.9591527987897126,
    0.913767019667171,
    0.8774583963691377,
    0.8986384266263238,
    0.8562783661119516,
    0.9652042360060514,
    0.9561270801815431,
    0.7866868381240545,
    0.7231467473524962,
    0.9122541603630863,
    0.9924357034795764
  ],
  "eval_f1_score_per_label": [
    0.5558086560364465,
    0.5733113673805601,
    0.6476190476190476,
    0.4270833333333333,
    0.507177033492823,
    0.3829787234042553,
    0.725925925925926,
    0.9045936395759717,
    0.6742857142857143,
    0.7157894736842105,
    0.6564102564102564,
    0.7865168539325843,
    0.9111969111969112,
    0.7943262411347518,
    0.7911111111111111,
    0.7569721115537849,
    0.6881720430107527,
    0.9640287769784173
  ],
  "eval_precision_per_label": [
    0.6224489795918368,
    0.87,
    0.5284974093264249,
    0.3228346456692913,
    0.4015151515151515,
    0.2727272727272727,
    0.8376068376068376,
    0.9696969696969697,
    0.9833333333333333,
    0.7786259541984732,
    0.9014084507042254,
    0.8578431372549019,
    0.8613138686131386,
    0.835820895522388,
    0.7807017543859649,
    0.858433734939759,
    0.9014084507042254,
    0.9710144927536232
  ],
  "eval_recall_per_label": [
    0.5020576131687243,
    0.4275184275184275,
    0.8360655737704918,
    0.6307692307692307,
    0.6883116883116883,
    0.6428571428571429,
    0.6405228758169934,
    0.847682119205298,
    0.5130434782608696,
    0.6623376623376623,
    0.5161290322580645,
    0.7261410788381742,
    0.9672131147540983,
    0.7567567567567568,
    0.8018018018018018,
    0.6769596199524941,
    0.5565217391304348,
    0.9571428571428572
  ],
  "eval_runtime": 0.9451,
  "eval_samples_per_second": 699.383,
  "eval_steps_per_second": 22.219,
  "epoch": 3.0
}