{
  "accuracy": 0.8499575911789652,
  "f1_score": 0.7217772282649552,
  "precision": 0.7192436230614071,
  "recall": 0.7865947947178364,
  "accuracy_per_label": [
    0.6198473282442748,
    0.6427480916030535,
    0.7801526717557252,
    0.7786259541984732,
    0.8320610687022901,
    0.7801526717557252,
    0.8809160305343512,
    0.9572519083969465,
    0.9297709923664123,
    0.8809160305343512,
    0.9190839694656489,
    0.8595419847328244,
    0.9603053435114504,
    0.9603053435114504,
    0.8076335877862595,
    0.7954198473282442,
    0.9206106870229007,
    0.9938931297709923
  ],
  "f1_score_per_label": [
    0.6478076379066479,
    0.7626774847870182,
    0.6190476190476191,
    0.4357976653696498,
    0.47115384615384615,
    0.4146341463414634,
    0.743421052631579,
    0.9014084507042254,
    0.735632183908046,
    0.7310344827586207,
    0.6936416184971098,
    0.8067226890756303,
    0.8951612903225806,
    0.7903225806451613,
    0.8306451612903226,
    0.8459770114942529,
    0.6976744186046512,
    0.9692307692307692
  ],
  "precision_per_label": [
    0.49353448275862066,
    0.6449399656946827,
    0.4717741935483871,
    0.3111111111111111,
    0.3858267716535433,
    0.2756756756756757,
    0.8432835820895522,
    0.9411764705882353,
    0.9696969696969697,
    0.762589928057554,
    0.9090909090909091,
    0.7901234567901234,
    0.8538461538461538,
    0.7903225806451613,
    0.7783375314861462,
    0.8159645232815964,
    0.9090909090909091,
    1.0
  ],
  "recall_per_label": [
    0.9423868312757202,
    0.9330024813895782,
    0.9,
    0.7272727272727273,
    0.6049382716049383,
    0.8360655737704918,
    0.6647058823529411,
    0.8648648648648649,
    0.5925925925925926,
    0.7019867549668874,
    0.5607476635514018,
    0.8240343347639485,
    0.940677966101695,
    0.7903225806451613,
    0.8904899135446686,
    0.8782816229116945,
    0.5660377358490566,
    0.9402985074626866
  ]
}