{
  "best_global_step": 124,
  "best_metric": 0.08550095360981248,
  "best_model_checkpoint": "artifacts/models/encoder/enc_persona_token_xlmr/checkpoint-124",
  "epoch": 2.0,
  "eval_steps": 500,
  "global_step": 124,
  "is_hyper_param_search": false,
  "is_local_process_zero": true,
  "is_world_process_zero": true,
  "log_history": [
    {
      "epoch": 0.8064516129032258,
      "grad_norm": 0.6887931227684021,
      "learning_rate": 4.101796407185629e-05,
      "loss": 0.5526,
      "step": 50
    },
    {
      "epoch": 1.0,
      "eval_accuracy": 0.7442427298705665,
      "eval_accuracy_per_label": [
        0.632375189107413,
        0.3842662632375189,
        0.8154311649016641,
        0.9016641452344932,
        0.8835098335854765,
        0.9152798789712556,
        0.7685325264750378,
        0.7715582450832073,
        0.8260211800302572,
        0.7670196671709532,
        0.8124054462934948,
        0.6354009077155824,
        0.8154311649016641,
        0.8880484114977307,
        0.4962178517397882,
        0.3630862329803328,
        0.8260211800302572,
        0.8940998487140696
      ],
      "eval_f1_score": 0.0,
      "eval_f1_score_per_label": [
        0.0,
        0.0,
        0.0,
        0.0,
        0.0,
        0.0,
        0.0,
        0.0,
        0.0,
        0.0,
        0.0,
        0.0,
        0.0,
        0.0,
        0.0,
        0.0,
        0.0,
        0.0
      ],
      "eval_loss": 0.5040228962898254,
      "eval_precision": 0.0,
      "eval_precision_per_label": [
        0.0,
        0.0,
        0.0,
        0.0,
        0.0,
        0.0,
        0.0,
        0.0,
        0.0,
        0.0,
        0.0,
        0.0,
        0.0,
        0.0,
        0.0,
        0.0,
        0.0,
        0.0
      ],
      "eval_recall": 0.0,
      "eval_recall_per_label": [
        0.0,
        0.0,
        0.0,
        0.0,
        0.0,
        0.0,
        0.0,
        0.0,
        0.0,
        0.0,
        0.0,
        0.0,
        0.0,
        0.0,
        0.0,
        0.0,
        0.0,
        0.0
      ],
      "eval_runtime": 0.9628,
      "eval_samples_per_second": 686.535,
      "eval_steps_per_second": 21.811,
      "step": 62
    },
    {
      "epoch": 1.6129032258064515,
      "grad_norm": 0.4794534742832184,
      "learning_rate": 2.604790419161677e-05,
      "loss": 0.4975,
      "step": 100
    },
    {
      "epoch": 2.0,
      "eval_accuracy": 0.7723146747352496,
      "eval_accuracy_per_label": [
        0.632375189107413,
        0.6157337367624811,
        0.8154311649016641,
        0.9016641452344932,
        0.8835098335854765,
        0.9152798789712556,
        0.7685325264750378,
        0.7715582450832073,
        0.8260211800302572,
        0.7670196671709532,
        0.8124054462934948,
        0.6354009077155824,
        0.8154311649016641,
        0.8880484114977307,
        0.4962178517397882,
        0.6369137670196672,
        0.8260211800302572,
        0.8940998487140696
      ],
      "eval_f1_score": 0.08550095360981248,
      "eval_f1_score_per_label": [
        0.0,
        0.7608286252354048,
        0.0,
        0.0,
        0.0,
        0.0,
        0.0,
        0.0,
        0.0,
        0.0,
        0.0,
        0.0,
        0.0,
        0.0,
        0.0,
        0.7781885397412199,
        0.0,
        0.0
      ],
      "eval_loss": 0.5009044408798218,
      "eval_precision": 0.06965042556385767,
      "eval_precision_per_label": [
        0.0,
        0.616793893129771,
        0.0,
        0.0,
        0.0,
        0.0,
        0.0,
        0.0,
        0.0,
        0.0,
        0.0,
        0.0,
        0.0,
        0.0,
        0.0,
        0.6369137670196672,
        0.0,
        0.0
      ],
      "eval_recall": 0.1107016107016107,
      "eval_recall_per_label": [
        0.0,
        0.9926289926289926,
        0.0,
        0.0,
        0.0,
        0.0,
        0.0,
        0.0,
        0.0,
        0.0,
        0.0,
        0.0,
        0.0,
        0.0,
        0.0,
        1.0,
        0.0,
        0.0
      ],
      "eval_runtime": 0.9413,
      "eval_samples_per_second": 702.22,
      "eval_steps_per_second": 22.31,
      "step": 124
    }
  ],
  "logging_steps": 50,
  "max_steps": 186,
  "num_input_tokens_seen": 0,
  "num_train_epochs": 3,
  "save_steps": 500,
  "stateful_callbacks": {
    "TrainerControl": {
      "args": {
        "should_epoch_stop": false,
        "should_evaluate": false,
        "should_log": false,
        "should_save": true,
        "should_training_stop": false
      },
      "attributes": {}
    }
  },
  "total_flos": 0.0,
  "train_batch_size": 16,
  "trial_name": null,
  "trial_params": null
}
