{
  "accuracy": 0.3986429177268872,
  "f1_score": 0.3568837659447708,
  "precision": 0.2497541036776745,
  "recall": 0.8056324557351222,
  "accuracy_per_label": [
    0.5114503816793893,
    0.6198473282442748,
    0.2015267175572519,
    0.3282442748091603,
    0.1450381679389313,
    0.9068702290076336,
    0.4015267175572519,
    0.23969465648854962,
    0.20916030534351146,
    0.233587786259542,
    0.20916030534351146,
    0.3603053435114504,
    0.18778625954198475,
    0.9053435114503817,
    0.5297709923664122,
    0.6412213740458015,
    0.19541984732824427,
    0.34961832061068704
  ],
  "f1_score_per_label": [
    0.42857142857142855,
    0.7639810426540284,
    0.33205619412515963,
    0.20863309352517986,
    0.22437673130193905,
    0.0,
    0.4078549848942598,
    0.3680203045685279,
    0.28055555555555556,
    0.3756218905472637,
    0.2514450867052023,
    0.5254813137032842,
    0.3072916666666667,
    0.0,
    0.6913827655310621,
    0.7684729064039408,
    0.28493894165535955,
    0.20522388059701493
  ],
  "precision_per_label": [
    0.3785488958990536,
    0.6180981595092024,
    0.1990811638591118,
    0.12108559498956159,
    0.12636505460218408,
    0.0,
    0.27439024390243905,
    0.2265625,
    0.1650326797385621,
    0.23124042879019907,
    0.14871794871794872,
    0.3569230769230769,
    0.18153846153846154,
    0.0,
    0.5299539170506913,
    0.6543624161073825,
    0.1664025356576862,
    0.11727078891257996
  ],
  "recall_per_label": [
    0.49382716049382713,
    1.0,
    1.0,
    0.7532467532467533,
    1.0,
    0.0,
    0.7941176470588235,
    0.9797297297297297,
    0.9351851851851852,
    1.0,
    0.8130841121495327,
    0.9957081545064378,
    1.0,
    0.0,
    0.9942363112391931,
    0.9307875894988067,
    0.9905660377358491,
    0.8208955223880597
  ]
}