{
  "accuracy": 0.4154479744494873,
  "f1_score": 0.3597091792638474,
  "precision": 0.25265425387452406,
  "recall": 0.7983449383760667,
  "accuracy_per_label": [
    0.5234493192133132,
    0.6157337367624811,
    0.19062027231467474,
    0.3207261724659607,
    0.11800302571860817,
    0.9152798789712556,
    0.3661119515885023,
    0.2405446293494705,
    0.24508320726172467,
    0.5204236006051437,
    0.2481089258698941,
    0.3751891074130106,
    0.19213313161875945,
    0.8880484114977307,
    0.5052950075642966,
    0.653555219364599,
    0.2087745839636914,
    0.35098335854765506
  ],
  "f1_score_per_label": [
    0.4540727902946274,
    0.7617260787992496,
    0.31322207958921694,
    0.18806509945750452,
    0.208955223880597,
    0.0,
    0.3543913713405239,
    0.3740648379052369,
    0.30404463040446306,
    0.38684719535783363,
    0.302945301542777,
    0.5375139977603584,
    0.3118556701030928,
    0.0,
    0.6706948640483383,
    0.7748279252704031,
    0.30173564753004006,
    0.22980251346499103
  ],
  "precision_per_label": [
    0.39221556886227543,
    0.6160849772382397,
    0.1856925418569254,
    0.10655737704918032,
    0.11666666666666667,
    0.0,
    0.2318548387096774,
    0.2304147465437788,
    0.18106312292358803,
    0.27548209366391185,
    0.1833616298811545,
    0.36809815950920244,
    0.18501529051987767,
    0.0,
    0.5045454545454545,
    0.6610738255033557,
    0.17823343848580442,
    0.13141683778234087
  ],
  "recall_per_label": [
    0.5390946502057613,
    0.9975429975429976,
    1.0,
    0.8,
    1.0,
    0.0,
    0.7516339869281046,
    0.9933774834437086,
    0.9478260869565217,
    0.6493506493506493,
    0.8709677419354839,
    0.995850622406639,
    0.9918032786885246,
    0.0,
    1.0,
    0.9358669833729216,
    0.9826086956521739,
    0.9142857142857143
  ]
}