{
  "best_global_step": 186,
  "best_metric": 0.43614402381820616,
  "best_model_checkpoint": "artifacts/models/encoder/enc_persona_token_mdeberta_weighted/checkpoint-186",
  "epoch": 3.0,
  "eval_steps": 500,
  "global_step": 186,
  "is_hyper_param_search": false,
  "is_local_process_zero": true,
  "is_world_process_zero": true,
  "log_history": [
    {
      "epoch": 0.8064516129032258,
      "grad_norm": 1.2675085067749023,
      "learning_rate": 4.101796407185629e-05,
      "loss": 0.8592,
      "step": 50
    },
    {
      "epoch": 1.0,
      "eval_accuracy": 0.744494873087914,
      "eval_accuracy_per_label": [
        0.632375189107413,
        0.3857791225416036,
        0.8154311649016641,
        0.9016641452344932,
        0.8835098335854765,
        0.9152798789712556,
        0.7685325264750378,
        0.7715582450832073,
        0.8260211800302572,
        0.7670196671709532,
        0.8124054462934948,
        0.6354009077155824,
        0.8154311649016641,
        0.8880484114977307,
        0.4962178517397882,
        0.3661119515885023,
        0.8260211800302572,
        0.8940998487140696
      ],
      "eval_f1_score": 0.0013131846545539891,
      "eval_f1_score_per_label": [
        0.0,
        0.004901960784313725,
        0.0,
        0.0,
        0.0,
        0.0,
        0.0,
        0.0,
        0.0,
        0.0,
        0.0,
        0.0,
        0.0,
        0.0,
        0.0,
        0.01873536299765808,
        0.0,
        0.0
      ],
      "eval_loss": 0.8186157941818237,
      "eval_precision": 0.09259259259259259,
      "eval_precision_per_label": [
        0.0,
        1.0,
        0.0,
        0.0,
        0.0,
        0.0,
        0.0,
        0.0,
        0.0,
        0.0,
        0.0,
        0.0,
        0.0,
        0.0,
        0.0,
        0.6666666666666666,
        0.0,
        0.0
      ],
      "eval_recall": 0.0006643438947476952,
      "eval_recall_per_label": [
        0.0,
        0.002457002457002457,
        0.0,
        0.0,
        0.0,
        0.0,
        0.0,
        0.0,
        0.0,
        0.0,
        0.0,
        0.0,
        0.0,
        0.0,
        0.0,
        0.009501187648456057,
        0.0,
        0.0
      ],
      "eval_runtime": 1.4046,
      "eval_samples_per_second": 470.582,
      "eval_steps_per_second": 14.95,
      "step": 62
    },
    {
      "epoch": 1.6129032258064515,
      "grad_norm": 1.0599737167358398,
      "learning_rate": 2.604790419161677e-05,
      "loss": 0.7797,
      "step": 100
    },
    {
      "epoch": 2.0,
      "eval_accuracy": 0.7994620944696588,
      "eval_accuracy_per_label": [
        0.6611195158850227,
        0.5279878971255674,
        0.8260211800302572,
        0.869894099848714,
        0.8729198184568835,
        0.8714069591527988,
        0.8562783661119516,
        0.8638426626323752,
        0.8714069591527988,
        0.8608169440242057,
        0.8124054462934948,
        0.7291981845688351,
        0.8381240544629349,
        0.8880484114977307,
        0.5703479576399395,
        0.745839636913767,
        0.8260211800302572,
        0.8986384266263238
      ],
      "eval_f1_score": 0.35554356944929155,
      "eval_f1_score_per_label": [
        0.27741935483870966,
        0.46757679180887374,
        0.3915343915343915,
        0.3064516129032258,
        0.4166666666666667,
        0.3089430894308943,
        0.5539906103286385,
        0.5871559633027523,
        0.6382978723404256,
        0.5818181818181818,
        0.0,
        0.4169381107491857,
        0.24113475177304963,
        0.0,
        0.32057416267942584,
        0.8090909090909091,
        0.0,
        0.0821917808219178
      ],
      "eval_loss": 0.6943147778511047,
      "eval_precision": 0.6096829210673648,
      "eval_precision_per_label": [
        0.6417910447761194,
        0.7653631284916201,
        0.5522388059701493,
        0.3220338983050847,
        0.44776119402985076,
        0.2835820895522388,
        0.9833333333333333,
        0.9552238805970149,
        0.625,
        0.9696969696969697,
        0.0,
        0.9696969696969697,
        0.8947368421052632,
        0.0,
        0.788235294117647,
        0.775599128540305,
        0.0,
        1.0
      ],
      "eval_recall": 0.28943529611957514,
      "eval_recall_per_label": [
        0.17695473251028807,
        0.3366093366093366,
        0.30327868852459017,
        0.2923076923076923,
        0.38961038961038963,
        0.3392857142857143,
        0.38562091503267976,
        0.423841059602649,
        0.6521739130434783,
        0.4155844155844156,
        0.0,
        0.26556016597510373,
        0.13934426229508196,
        0.0,
        0.2012012012012012,
        0.8456057007125891,
        0.0,
        0.04285714285714286
      ],
      "eval_runtime": 1.406,
      "eval_samples_per_second": 470.125,
      "eval_steps_per_second": 14.936,
      "step": 124
    },
    {
      "epoch": 2.4193548387096775,
      "grad_norm": 2.397629976272583,
      "learning_rate": 1.1077844311377246e-05,
      "loss": 0.7171,
      "step": 150
    },
    {
      "epoch": 3.0,
      "eval_accuracy": 0.7998823331652378,
      "eval_accuracy_per_label": [
        0.659606656580938,
        0.5416036308623298,
        0.789712556732224,
        0.8290468986384266,
        0.8456883509833586,
        0.8229954614220878,
        0.8562783661119516,
        0.9107413010590015,
        0.8819969742813918,
        0.8608169440242057,
        0.8124054462934948,
        0.7291981845688351,
        0.8804841149773072,
        0.8880484114977307,
        0.6263237518910741,
        0.7291981845688351,
        0.8260211800302572,
        0.9077155824508321
      ],
      "eval_f1_score": 0.43614402381820616,
      "eval_f1_score_per_label": [
        0.47306791569086654,
        0.49584026622296173,
        0.4870848708487085,
        0.4021164021164021,
        0.5142857142857142,
        0.37433155080213903,
        0.5539906103286385,
        0.8150470219435737,
        0.6422018348623854,
        0.5818181818181818,
        0.0,
        0.4169381107491857,
        0.6030150753768844,
        0.0,
        0.47334754797441364,
        0.7896592244418331,
        0.0,
        0.22784810126582278
      ],
      "eval_loss": 0.6315562725067139,
      "eval_precision": 0.5829161427450358,
      "eval_precision_per_label": [
        0.5489130434782609,
        0.7680412371134021,
        0.4429530201342282,
        0.3064516129032258,
        0.40601503759398494,
        0.26717557251908397,
        0.9833333333333333,
        0.7738095238095238,
        0.6796116504854369,
        0.9696969696969697,
        0.0,
        0.9696969696969697,
        0.7792207792207793,
        0.0,
        0.8161764705882353,
        0.7813953488372093,
        0.0,
        1.0
      ],
      "eval_recall": 0.41787916793304014,
      "eval_recall_per_label": [
        0.4156378600823045,
        0.36609336609336607,
        0.5409836065573771,
        0.5846153846153846,
        0.7012987012987013,
        0.625,
        0.38562091503267976,
        0.8609271523178808,
        0.6086956521739131,
        0.4155844155844156,
        0.0,
        0.26556016597510373,
        0.4918032786885246,
        0.0,
        0.3333333333333333,
        0.7980997624703088,
        0.0,
        0.12857142857142856
      ],
      "eval_runtime": 1.3775,
      "eval_samples_per_second": 479.87,
      "eval_steps_per_second": 15.246,
      "step": 186
    }
  ],
  "logging_steps": 50,
  "max_steps": 186,
  "num_input_tokens_seen": 0,
  "num_train_epochs": 3,
  "save_steps": 500,
  "stateful_callbacks": {
    "TrainerControl": {
      "args": {
        "should_epoch_stop": false,
        "should_evaluate": false,
        "should_log": false,
        "should_save": true,
        "should_training_stop": true
      },
      "attributes": {}
    }
  },
  "total_flos": 0.0,
  "train_batch_size": 16,
  "trial_name": null,