{
  "eval_loss": 0.03818393871188164,
  "eval_runtime": 10.8348,
  "eval_samples_per_second": 6.461,
  "eval_steps_per_second": 6.461,
  "seconds_per_step": 1.1021708726882935,
  "estimated_remaining_hours": 0.0,
  "epoch": 2.0
}