{
  "best_global_step": 124,
  "best_metric": 0.6777185296691821,
  "best_model_checkpoint": "artifacts/models/encoder/enc_persona_token_xlmr_weighted/checkpoint-124",
  "epoch": 2.0,
  "eval_steps": 500,
  "global_step": 124,
  "is_hyper_param_search": false,
  "is_local_process_zero": true,
  "is_world_process_zero": true,
  "log_history": [
    {
      "epoch": 0.8064516129032258,
      "grad_norm": 0.95892733335495,
      "learning_rate": 4.101796407185629e-05,
      "loss": 0.8471,
      "step": 50
    },
    {
      "epoch": 1.0,
      "eval_accuracy": 0.7442427298705665,
      "eval_accuracy_per_label": [
        0.632375189107413,
        0.3842662632375189,
        0.8154311649016641,
        0.9016641452344932,
        0.8835098335854765,
        0.9152798789712556,
        0.7685325264750378,
        0.7715582450832073,
        0.8260211800302572,
        0.7670196671709532,
        0.8124054462934948,
        0.6354009077155824,
        0.8154311649016641,
        0.8880484114977307,
        0.4962178517397882,
        0.3630862329803328,
        0.8260211800302572,
        0.8940998487140696
      ],
      "eval_f1_score": 0.0,
      "eval_f1_score_per_label": [
        0.0,
        0.0,
        0.0,
        0.0,
        0.0,
        0.0,
        0.0,
        0.0,
        0.0,
        0.0,
        0.0,
        0.0,
        0.0,
        0.0,
        0.0,
        0.0,
        0.0,
        0.0
      ],
      "eval_loss": 0.834392786026001,
      "eval_precision": 0.0,
      "eval_precision_per_label": [
        0.0,
        0.0,
        0.0,
        0.0,
        0.0,
        0.0,
        0.0,
        0.0,
        0.0,
        0.0,
        0.0,
        0.0,
        0.0,
        0.0,
        0.0,
        0.0,
        0.0,
        0.0
      ],
      "eval_recall": 0.0,
      "eval_recall_per_label": [
        0.0,
        0.0,
        0.0,
        0.0,
        0.0,
        0.0,
        0.0,
        0.0,
        0.0,
        0.0,
        0.0,
        0.0,
        0.0,
        0.0,
        0.0,
        0.0,
        0.0,
        0.0
      ],
      "eval_runtime": 0.9304,
      "eval_samples_per_second": 710.476,
      "eval_steps_per_second": 22.572,
      "step": 62
    },
    {
      "epoch": 1.6129032258064515,
      "grad_norm": 1.5580112934112549,
      "learning_rate": 2.604790419161677e-05,
      "loss": 0.7597,
      "step": 100
    },
    {
      "epoch": 2.0,
      "eval_accuracy": 0.8445116826357372,
      "eval_accuracy_per_label": [
        0.6944024205748865,
        0.6051437216338881,
        0.7957639939485628,
        0.7957639939485628,
        0.7745839636913767,
        0.8229954614220878,
        0.8835098335854765,
        0.9591527987897126,
        0.913767019667171,
        0.8577912254160364,
        0.8986384266263238,
        0.8562783661119516,
        0.9652042360060514,
        0.9561270801815431,
        0.7987897125567323,
        0.7186081694402421,
        0.9122541603630863,
        0.9924357034795764
      ],
      "eval_f1_score": 0.6777185296691821,
      "eval_f1_score_per_label": [
        0.5491071428571429,
        0.5671641791044776,
        0.6175637393767706,
        0.4052863436123348,
        0.4419475655430712,
        0.37433155080213903,
        0.7137546468401487,
        0.9045936395759717,
        0.6742857142857143,
        0.5803571428571429,
        0.6564102564102564,
        0.7865168539325843,
        0.9111969111969112,
        0.7943262411347518,
        0.8185538881309686,
        0.7513368983957219,
        0.6881720430107527,
        0.9640287769784173
      ],
      "eval_loss": 0.5127013921737671,
      "eval_precision": 0.7474048560123325,
      "eval_precision_per_label": [
        0.6,
        0.8724489795918368,
        0.47186147186147187,
        0.2839506172839506,
        0.3105263157894737,
        0.26717557251908397,
        0.8275862068965517,
        0.9696969696969697,
        0.9833333333333333,
        0.9285714285714286,
        0.9014084507042254,
        0.8578431372549019,
        0.8613138686131386,
        0.835820895522388,
        0.75,
        0.8593272171253823,
        0.9014084507042254,
        0.9710144927536232
      ],
      "eval_recall": 0.6876226315862256,
      "eval_recall_per_label": [
        0.5061728395061729,
        0.4201474201474201,
        0.8934426229508197,
        0.7076923076923077,
        0.7662337662337663,
        0.625,
        0.6274509803921569,
        0.847682119205298,
        0.5130434782608696,
        0.42207792207792205,
        0.5161290322580645,
        0.7261410788381742,
        0.9672131147540983,
        0.7567567567567568,
        0.9009009009009009,
        0.667458432304038,
        0.5565217391304348,
        0.9571428571428572
      ],
      "eval_runtime": 0.9517,
      "eval_samples_per_second": 694.561,
      "eval_steps_per_second": 22.066,
      "step": 124
    }
  ],
  "logging_steps": 50,
  "max_steps": 186,
  "num_input_tokens_seen": 0,
  "num_train_epochs": 3,
  "save_steps": 500,
  "stateful_callbacks": {
    "TrainerControl": {
      "args": {
        "should_epoch_stop": false,
        "should_evaluate": false,
        "should_log": false,
        "should_save": true,
        "should_training_stop": false
      },
      "attributes": {}
    }
  },
  "total_flos": 0.0,
  "train_batch_size": 16,
  "trial_name": null,
  "trial_params": null
}
