{
  "eval_loss": 0.393183171749115,
  "eval_accuracy": 0.7970247100353,
  "eval_f1_score": 0.14740089691335484,
  "eval_precision": 0.18197854890953147,
  "eval_recall": 0.12606134817132145,
  "eval_accuracy_per_label": [
    0.632375189107413,
    0.6308623298033282,
    0.8154311649016641,
    0.9016641452344932,
    0.8835098335854765,
    0.9152798789712556,
    0.7685325264750378,
    0.7715582450832073,
    0.8260211800302572,
    0.7670196671709532,
    0.8124054462934948,
    0.8154311649016641,
    0.8154311649016641,
    0.8880484114977307,
    0.6202723146747352,
    0.762481089258699,
    0.8260211800302572,
    0.8940998487140696
  ],
  "eval_f1_score_per_label": [
    0.0,
    0.6390532544378699,
    0.0,
    0.0,
    0.0,
    0.0,
    0.0,
    0.0,
    0.0,
    0.0,
    0.0,
    0.6772486772486772,
    0.0,
    0.0,
    0.5290806754221389,
    0.8078335373317014,
    0.0,
    0.0
  ],
  "eval_precision_per_label": [
    0.0,
    0.8029739776951673,
    0.0,
    0.0,
    0.0,
    0.0,
    0.0,
    0.0,
    0.0,
    0.0,
    0.0,
    0.9343065693430657,
    0.0,
    0.0,
    0.705,
    0.8333333333333334,
    0.0,
    0.0
  ],
  "eval_recall_per_label": [
    0.0,
    0.5307125307125307,
    0.0,
    0.0,
    0.0,
    0.0,
    0.0,
    0.0,
    0.0,
    0.0,
    0.0,
    0.5311203319502075,
    0.0,
    0.0,
    0.42342342342342343,
    0.7838479809976246,
    0.0,
    0.0
  ],
  "eval_runtime": 0.9141,
  "eval_samples_per_second": 723.146,
  "eval_steps_per_second": 22.974,
  "epoch": 3.0
}