{
  "accuracy": 0.8456883509833585,
  "f1_score": 0.7015557675043957,
  "precision": 0.6992173344528708,
  "recall": 0.7613141444298479,
  "accuracy_per_label": [
    0.7004538577912254,
    0.6217851739788199,
    0.8214826021180031,
    0.8335854765506808,
    0.859304084720121,
    0.8275340393343419,
    0.7609682299546142,
    0.9591527987897126,
    0.913767019667171,
    0.8305597579425114,
    0.8986384266263238,
    0.8577912254160364,
    0.9636913767019667,
    0.9455370650529501,
    0.7821482602118003,
    0.7413010590015129,
    0.9122541603630863,
    0.9924357034795764
  ],
  "f1_score_per_label": [
    0.6538461538461539,
    0.7637051039697542,
    0.6335403726708074,
    0.4270833333333333,
    0.5230769230769231,
    0.3870967741935484,
    0.6201923076923077,
    0.9045936395759717,
    0.6742857142857143,
    0.6906077348066298,
    0.6564102564102564,
    0.7892376681614349,
    0.9069767441860465,
    0.7230769230769231,
    0.8110236220472441,
    0.8110497237569061,
    0.6881720430107527,
    0.9640287769784173
  ],
  "precision_per_label": [
    0.5683890577507599,
    0.620583717357911,
    0.51,
    0.3228346456692913,
    0.4322033898305085,
    0.27692307692307694,
    0.49049429657794674,
    0.9696969696969697,
    0.9833333333333333,
    0.6009615384615384,
    0.9014084507042254,
    0.8585365853658536,
    0.8602941176470589,
    0.8392857142857143,
    0.7202797202797203,
    0.7582644628099173,
    0.9014084507042254,
    0.9710144927536232
  ],
  "recall_per_label": [
    0.7695473251028807,
    0.9926289926289926,
    0.8360655737704918,
    0.6307692307692307,
    0.6623376623376623,
    0.6428571428571429,
    0.8431372549019608,
    0.847682119205298,
    0.5130434782608696,
    0.8116883116883117,
    0.5161290322580645,
    0.7302904564315352,
    0.9590163934426229,
    0.6351351351351351,
    0.9279279279279279,
    0.8717339667458432,
    0.5565217391304348,
    0.9571428571428572
  ]
}