{
  "eval_loss": 0.6315562725067139,
  "eval_accuracy": 0.7998823331652378,
  "eval_f1_score": 0.43614402381820616,
  "eval_precision": 0.5829161427450358,
  "eval_recall": 0.41787916793304014,
  "eval_accuracy_per_label": [
    0.659606656580938,
    0.5416036308623298,
    0.789712556732224,
    0.8290468986384266,
    0.8456883509833586,
    0.8229954614220878,
    0.8562783661119516,
    0.9107413010590015,
    0.8819969742813918,
    0.8608169440242057,
    0.8124054462934948,
    0.7291981845688351,
    0.8804841149773072,
    0.8880484114977307,
    0.6263237518910741,
    0.7291981845688351,
    0.8260211800302572,
    0.9077155824508321
  ],
  "eval_f1_score_per_label": [
    0.47306791569086654,
    0.49584026622296173,
    0.4870848708487085,
    0.4021164021164021,
    0.5142857142857142,
    0.37433155080213903,
    0.5539906103286385,
    0.8150470219435737,
    0.6422018348623854,
    0.5818181818181818,
    0.0,
    0.4169381107491857,
    0.6030150753768844,
    0.0,
    0.47334754797441364,
    0.7896592244418331,
    0.0,
    0.22784810126582278
  ],
  "eval_precision_per_label": [
    0.5489130434782609,
    0.7680412371134021,
    0.4429530201342282,
    0.3064516129032258,
    0.40601503759398494,
    0.26717557251908397,
    0.9833333333333333,
    0.7738095238095238,
    0.6796116504854369,
    0.9696969696969697,
    0.0,
    0.9696969696969697,
    0.7792207792207793,
    0.0,
    0.8161764705882353,
    0.7813953488372093,
    0.0,
    1.0
  ],
  "eval_recall_per_label": [
    0.4156378600823045,
    0.36609336609336607,
    0.5409836065573771,
    0.5846153846153846,
    0.7012987012987013,
    0.625,
    0.38562091503267976,
    0.8609271523178808,
    0.6086956521739131,
    0.4155844155844156,
    0.0,
    0.26556016597510373,
    0.4918032786885246,
    0.0,
    0.3333333333333333,
    0.7980997624703088,
    0.0,
    0.12857142857142856
  ],
  "eval_runtime": 2.0356,
  "eval_samples_per_second": 324.723,
  "eval_steps_per_second": 10.316,
  "epoch": 3.0
}