{
  "accuracy": 0.7734072953437552,
  "f1_score": 0.1223782267649656,
  "precision": 0.09795647830406697,
  "recall": 0.1634968301634968,
  "accuracy_per_label": [
    0.632375189107413,
    0.6157337367624811,
    0.8154311649016641,
    0.9016641452344932,
    0.8835098335854765,
    0.9152798789712556,
    0.7685325264750378,
    0.7715582450832073,
    0.8260211800302572,
    0.7670196671709532,
    0.8124054462934948,
    0.6354009077155824,
    0.8154311649016641,
    0.8880484114977307,
    0.5158850226928896,
    0.6369137670196672,
    0.8260211800302572,
    0.8940998487140696
  ],
  "f1_score_per_label": [
    0.0,
    0.7621722846441947,
    0.0,
    0.0,
    0.0,
    0.0,
    0.0,
    0.0,
    0.0,
    0.0,
    0.0,
    0.0,
    0.0,
    0.0,
    0.6624472573839663,
    0.7781885397412199,
    0.0,
    0.0
  ],
  "precision_per_label": [
    0.0,
    0.6157337367624811,
    0.0,
    0.0,
    0.0,
    0.0,
    0.0,
    0.0,
    0.0,
    0.0,
    0.0,
    0.0,
    0.0,
    0.0,
    0.510569105691057,
    0.6369137670196672,
    0.0,
    0.0
  ],
  "recall_per_label": [
    0.0,
    1.0,
    0.0,
    0.0,
    0.0,
    0.0,
    0.0,
    0.0,
    0.0,
    0.0,
    0.0,
    0.0,
    0.0,
    0.0,
    0.9429429429429429,
    1.0,
    0.0,
    0.0
  ]
}