{
  "generation_success_rate": 0.98,
  "total_samples": 50,
  "valid_generations": 49,
  "accuracy": 0.6967930029154519,
  "f1_score": 0.27954452034418825,
  "precision": 0.3096192424338156,
  "recall": 0.28234619934930494,
  "accuracy_per_label": [
    0.4897959183673469,
    0.32653061224489793,
    0.5714285714285714,
    0.7755102040816326,
    0.46938775510204084,
    0.6326530612244898,
    0.8571428571428571,
    0.8163265306122449,
    0.8163265306122449,
    0.673469387755102,
    0.7755102040816326,
    0.5714285714285714,
    0.8775510204081632,
    0.9795918367346939,
    1.0,
    0.8367346938775511,
    0.673469387755102,
    0.5714285714285714,
    0.30612244897959184,
    0.6938775510204082,
    0.9183673469387755
  ],
  "f1_score_per_label": [
    0.46808510638297873,
    0.32653061224489793,
    0.36363636363636365,
    0.15384615384615385,
    0.0,
    0.18181818181818182,
    0.36363636363636365,
    0.7096774193548387,
    0.4,
    0.2727272727272727,
    0.0,
    0.27586206896551724,
    0.25,
    0.0,
    1.0,
    0.0,
    0.38461538461538464,
    0.72,
    0.0,
    0.0,
    0.0
  ],
  "precision_per_label": [
    0.34375,
    0.47058823529411764,
    0.2222222222222222,
    0.1111111111111111,
    0.0,
    0.11764705882352941,
    0.6666666666666666,
    0.5789473684210527,
    0.42857142857142855,
    0.5,
    0.0,
    0.6666666666666666,
    1.0,
    0.0,
    0.0,
    0.0,
    0.8333333333333334,
    0.5625,
    0.0,
    0.0,
    0.0
  ],
  "recall_per_label": [
    0.7333333333333333,
    0.25,
    1.0,
    0.25,
    0.0,
    0.4,
    0.25,
    0.9166666666666666,
    0.375,
    0.1875,
    0.0,
    0.17391304347826086,
    0.14285714285714285,
    0.0,
    0.0,
    0.0,
    0.25,
    1.0,
    0.0,
    0.0,
    0.0
  ],
  "generation_time_seconds": 364.0205249786377,
  "avg_time_per_sample": 7.280410499572754
}