{
  "accuracy": 0.8542832909245123,
  "f1_score": 0.7008619869648915,
  "precision": 0.7258865077400852,
  "recall": 0.712190945747328,
  "accuracy_per_label": [
    0.6732824427480916,
    0.6412213740458015,
    0.7954198473282442,
    0.7969465648854962,
    0.8213740458015267,
    0.8061068702290076,
    0.8809160305343512,
    0.9572519083969465,
    0.9297709923664123,
    0.8519083969465648,
    0.9190839694656489,
    0.8641221374045801,
    0.9587786259541985,
    0.9603053435114504,
    0.8076335877862595,
    0.7984732824427481,
    0.9206106870229007,
    0.9938931297709923
  ],
  "f1_score_per_label": [
    0.5223214285714286,
    0.7036569987389659,
    0.5963855421686747,
    0.3755868544600939,
    0.4608294930875576,
    0.3553299492385787,
    0.7417218543046358,
    0.9014084507042254,
    0.735632183908046,
    0.7220630372492837,
    0.6936416184971098,
    0.789598108747045,
    0.8924302788844621,
    0.7903225806451613,
    0.8306451612903226,
    0.837037037037037,
    0.6976744186046512,
    0.9692307692307692
  ],
  "precision_per_label": [
    0.5707317073170731,
    0.7153846153846154,
    0.4900990099009901,
    0.29411764705882354,
    0.36764705882352944,
    0.25735294117647056,
    0.8484848484848485,
    0.9411764705882353,
    0.9696969696969697,
    0.6363636363636364,
    0.9090909090909091,
    0.8789473684210526,
    0.8421052631578947,
    0.7903225806451613,
    0.7783375314861462,
    0.8670076726342711,
    0.9090909090909091,
    1.0
  ],
  "recall_per_label": [
    0.48148148148148145,
    0.6923076923076923,
    0.7615384615384615,
    0.5194805194805194,
    0.6172839506172839,
    0.5737704918032787,
    0.6588235294117647,
    0.8648648648648649,
    0.5925925925925926,
    0.8344370860927153,
    0.5607476635514018,
    0.7167381974248928,
    0.9491525423728814,
    0.7903225806451613,
    0.8904899135446686,
    0.8090692124105012,
    0.5660377358490566,
    0.9402985074626866
  ]
}