{
  "baseline_metrics": {
    "generation_success_rate": 0.98,
    "total_samples": 50,
    "valid_generations": 49,
    "accuracy": 0.6967930029154519,
    "f1_score": 0.27954452034418825,
    "precision": 0.3096192424338156,
    "recall": 0.28234619934930494,
    "accuracy_per_label": [
      0.4897959183673469,
      0.32653061224489793,
      0.5714285714285714,
      0.7755102040816326,
      0.46938775510204084,
      0.6326530612244898,
      0.8571428571428571,
      0.8163265306122449,
      0.8163265306122449,
      0.673469387755102,
      0.7755102040816326,
      0.5714285714285714,
      0.8775510204081632,
      0.9795918367346939,
      1.0,
      0.8367346938775511,
      0.673469387755102,
      0.5714285714285714,
      0.30612244897959184,
      0.6938775510204082,
      0.9183673469387755
    ],
    "f1_score_per_label": [
      0.46808510638297873,
      0.32653061224489793,
      0.36363636363636365,
      0.15384615384615385,
      0.0,
      0.18181818181818182,
      0.36363636363636365,
      0.7096774193548387,
      0.4,
      0.2727272727272727,
      0.0,
      0.27586206896551724,
      0.25,
      0.0,
      1.0,
      0.0,
      0.38461538461538464,
      0.72,
      0.0,
      0.0,
      0.0
    ],
    "precision_per_label": [
      0.34375,
      0.47058823529411764,
      0.2222222222222222,
      0.1111111111111111,
      0.0,
      0.11764705882352941,
      0.6666666666666666,
      0.5789473684210527,
      0.42857142857142855,
      0.5,
      0.0,
      0.6666666666666666,
      1.0,
      0.0,
      0.0,
      0.0,
      0.8333333333333334,
      0.5625,
      0.0,
      0.0,
      0.0
    ],
    "recall_per_label": [
      0.7333333333333333,
      0.25,
      1.0,
      0.25,
      0.0,
      0.4,
      0.25,
      0.9166666666666666,
      0.375,
      0.1875,
      0.0,
      0.17391304347826086,
      0.14285714285714285,
      0.0,
      0.0,
      0.0,
      0.25,
      1.0,
      0.0,
      0.0,
      0.0
    ],
    "generation_time_seconds": 364.0205249786377,
    "avg_time_per_sample": 7.280410499572754
  },
  "trained_metrics": {
    "generation_success_rate": 1.0,
    "total_samples": 50,
    "valid_generations": 50,
    "accuracy": 0.8647619047619047,
    "f1_score": 0.6725442686643189,
    "precision": 0.6386511976920554,
    "recall": 0.6173901715568382,
    "accuracy_per_label": [
      0.68,
      0.62,
      0.86,
      0.86,
      0.88,
      0.8,
      0.92,
      0.98,
      0.92,
      0.8,
      0.86,
      0.78,
      0.94,
      1.0,
      1.0,
      0.92,
      0.76,
      0.76,
      0.98,
      0.84,
      1.0
    ],
    "f1_score_per_label": [
      0.4666666666666667,
      0.7246376811594203,
      0.631578947368421,
      0.5333333333333333,
      0.625,
      0.375,
      0.7142857142857143,
      0.9565217391304348,
      0.6666666666666666,
      0.5454545454545454,
      0.5333333333333333,
      0.7317073170731707,
      0.8235294117647058,
      1.0,
      1.0,
      0.75,
      0.76,
      0.7857142857142857,
      0.0,
      0.5,
      1.0
    ],
    "precision_per_label": [
      0.5,
      0.6944444444444444,
      0.46153846153846156,
      0.36363636363636365,
      0.45454545454545453,
      0.2727272727272727,
      0.8333333333333334,
      1.0,
      1.0,
      1.0,
      1.0,
      0.8823529411764706,
      0.7,
      0.0,
      0.0,
      0.8571428571428571,
      0.6333333333333333,
      0.7586206896551724,
      0.0,
      1.0,
      1.0
    ],
    "recall_per_label": [
      0.4375,
      0.7575757575757576,
      1.0,
      1.0,
      1.0,
      0.6,
      0.625,
      0.9166666666666666,
      0.5,
      0.375,
      0.36363636363636365,
      0.625,
      1.0,
      0.0,
      0.0,
      0.6666666666666666,
      0.95,
      0.8148148148148148,
      0.0,
      0.3333333333333333,
      1.0
    ],
    "generation_time_seconds": 598.2947301864624,
    "avg_time_per_sample": 11.965894603729248
  },
  "improvements": {
    "f1_score": 140.5857456394606,
    "accuracy": 24.10599721059972,
    "generation_success_rate": 2.040816326530614
  },
  "label_improvements": [
    [
      "positive",
      -0.3030303030303035
    ],
    [
      "negative",
      121.92028985507248
    ],
    [
      "happiness",
      73.68421052631578
    ],
    [
      "delight",
      246.66666666666663
    ],
    [
      "inspiring",
      Infinity
    ],
    [
      "calm",
      106.25
    ],
    [
      "surprise",
      96.42857142857143
    ],
    [
      "compassion",
      34.78260869565217
    ],
    [
      "fear",
      66.66666666666666
    ],
    [
      "sadness",
      100.0
    ],
    [
      "disgust",
      Infinity
    ],
    [
      "anger",
      165.2439024390244
    ],
    [
      "ironic",
      229.41176470588235
    ],
    [
      "embarassing",
      Infinity
    ],
    [
      "vulgar",
      0.0
    ],
    [
      "political",
      Infinity
    ],
    [
      "interesting",
      97.59999999999998
    ],
    [
      "understandable",
      9.12698412698413
    ],
    [
      "more",
      0
    ],
    [
      "offensive",
      Infinity
    ],
    [
      "funny",
      Infinity
    ]
  ],
  "summary": {
    "significant_improvements": 10,
    "moderate_improvements": 1,
    "minor_improvements": 1,
    "degradations": 1,
    "improvement_rate": 0.8
  }
}