{
  "eval_loss": 0.04215945303440094,
  "eval_runtime": 99.0518,
  "eval_samples_per_second": 6.673,
  "eval_steps_per_second": 6.673,
  "seconds_per_step": 9.922746086120606,
  "estimated_remaining_hours": 0.0,
  "epoch": 2.0
}